ms,Beam,mag12401265,1,0
12401383,1,0
12401504,1,1
12401618,1,1
12401732,1,1
12401847,1,1
12401960,1,0
12402078,1,0
12402193,1,0
12402307,1,0
12402421,1,0
12402535,1,0
12402649,1,0
12402764,1,0
12402878,1,0
12402992,1,0
12403106,1,0
12403220,1,0
12403335,1,0
12403450,1,0
12403564,1,0
12403678,1,0
12403792,1,0
12403906,1,0
12404021,1,0
12404136,1,0
12404250,1,0
12404442,0,0
12404558,0,0
12404672,0,0
12404786,0,0
12404900,0,0
12405013,0,0
12405126,0,0
12405240,0,0
12405354,0,0
12405468,0,0
12405582,0,0
12405696,0,1
12405819,0,1
12405935,0,1
12406049,0,1
12406163,0,1
12406282,0,0
12406397,0,0
12406511,0,0
12406625,0,0
12406739,0,0
12406853,0,0
12406967,0,0
12407081,0,0
12407196,0,0
12407310,0,0
12407424,0,0
12407538,0,0
12407652,0,0
12407766,0,0
12407881,0,0
12407995,0,0
12408109,0,0
12408234,0,0
12408347,0,0
12408461,0,0
12408575,0,0
12408689,0,0
12408804,0,0
12408918,0,0
12409031,0,0
12409145,0,0
12409259,0,0
12409373,0,0
12409487,0,0
12409601,0,0
12409715,0,0
12409843,0,0
12409958,0,0
12410072,0,0
12410191,0,0
12410308,0,0
12410421,0,0
12410535,0,0
12410650,0,0
12410764,0,0
12410878,0,0
12410992,0,0
12411107,0,0
12411221,0,0
12411336,0,0
12411449,0,0
12411563,0,0
12411677,0,0
12411791,0,0
12411905,0,0
12412019,0,0
12412132,0,0
12412246,0,0
12412360,0,0
12412474,0,0
12412588,0,0
12412702,0,0
12412816,0,0
12412930,0,0
12413045,0,0
12413159,0,0
12413273,0,0
12413387,0,0
12413501,0,0
12413615,0,0
12413729,0,0
12413843,0,0
12413957,0,0
12414071,0,0
12414185,0,0
12414305,1,0
12414420,1,0
12414533,1,0
12414648,1,0
12414762,1,0
12414878,1,0
12414992,1,0
12415106,1,0
12415220,1,0
12415334,1,1
12415454,1,1
12415569,1,1
12415683,1,1
12415797,1,1
12415917,1,0
12416032,1,0
12416146,1,0
12416260,1,0
12416374,1,0
12416488,1,0
12416602,1,0
12416715,1,0
12416829,0,0
12416982,0,0
12417100,0,0
12417214,0,0
12417328,0,0
12417442,0,0
12417556,0,0
12417670,0,0
12417784,0,0
12417898,0,0
12418012,0,0
12418126,0,0
12418240,0,0
12418354,0,0
12418467,0,0
12418581,0,0
12418695,0,0
12418809,0,0
12418922,0,0
12419035,0,0
12419150,0,0
12419264,0,0
12419380,0,0
12419494,0,0
12419608,0,0
12419722,0,0
12419850,0,0
12419966,0,0
12420080,0,0
12420193,0,0
12420307,0,0
12420422,0,0
12420536,0,0
12420650,0,0
12420764,0,0
12420878,0,0
12420993,0,0
12421106,0,0
12421220,0,0
12421334,0,0
12421448,0,0
12421562,0,0
12421676,0,0
12421790,0,0
12421904,0,0
12422018,0,0
12422132,0,0
12422246,0,0
12422360,0,0
12422474,0,0
12422588,0,0
12422703,0,0
12422816,0,0
12422930,0,0
12423044,0,0
12423158,0,0
12423272,0,0
12423386,0,0
12423500,0,0
12423614,0,0
12423728,0,0
12423841,0,0
12423958,0,0
12424072,0,0
12424186,0,0
12424300,0,0
12424414,0,0
12424528,0,0
12424642,0,0
12424757,0,0
12424878,1,0
12424993,1,1
12425113,1,1
12425227,1,1
12425341,1,1
12425456,1,1
12425575,1,0
12425690,1,0
12425804,1,0
12425918,1,0
12426032,1,0
12426146,1,0
12426261,1,0
12426375,1,0
12426500,1,0
12426614,1,0
12426728,1,0
12426842,1,0
12426956,1,0
12427070,1,0
12427185,1,0
12427299,1,0
12427413,1,0
12427639,0,0
12427753,0,0
12427867,0,0
12427981,0,0
12428094,0,0
12428208,0,0
12428322,0,0
12428436,0,0
12428551,0,0
12428665,0,0
12428779,0,0
12428893,0,0
12429007,0,0
12429122,0,0
12429236,0,1
12429355,0,1
12429470,0,1
12429583,0,1
12429698,0,1
12429827,0,0
12429943,0,0
12430056,0,0
12430170,0,0
12430284,0,0
12430398,0,0
12430511,0,0
12430626,0,0
12430740,0,0
12430855,0,0
12430976,1,0
12431090,1,0
12431205,1,0
12431319,1,0
12431433,1,0
12431547,1,0
12431661,1,0
12431776,1,0
12431889,1,0
12432003,1,0
12432118,1,0
12432232,1,0
12432346,1,0
12432461,1,0
12432575,1,0
12432688,1,0
12432803,1,0
12432917,1,0
12433034,1,0
12433148,1,0
12433262,1,0
12433486,0,1
12433602,0,1
12433717,0,1
12433831,0,1
12433944,0,1
12434063,0,0
12434178,0,0
12434292,0,0
12434407,0,0
12434520,0,0
12434634,0,0
12434748,0,0
12434861,0,0
12434975,0,0
12435087,0,0
12435202,0,0
12435316,0,0
12435430,0,0
12435544,0,0
12435658,0,0
12435780,0,0
12435895,0,0
12436010,0,0
12436124,0,0
12436238,0,0
12436352,0,0
12436465,0,0
12436580,0,0
12436694,0,0
12436808,0,0
12436922,0,0
12437036,0,0
12437150,0,0
12437264,0,0
12437377,0,0
12437491,0,0
12437605,0,0
12437721,0,0
12437835,0,0
12437950,0,0
12438063,0,0
12438178,0,0
12438291,0,0
12438405,0,0
12438518,0,0
12438632,0,0
12438747,0,0
12438860,0,0
12438975,0,0
12439088,0,0
12439202,0,0
12439316,0,0
12439430,0,0
12439544,0,0
12439658,0,0
12439772,0,0
12439900,0,0
12440015,0,0
12440129,0,0
12440243,0,0
12440357,0,0
12440471,0,0
12440585,0,0
12440699,0,0
12440813,0,0
12440927,0,0
12441041,0,0
12441155,0,0
12441270,0,0
12441383,0,0
12441497,0,0
12441611,0,0
12441725,0,0
12441840,0,0
12441954,0,0
12442068,0,0
12442184,0,0
12442299,0,0
12442412,0,0
12442527,0,0
12442641,0,0
12442755,0,0
12442869,0,0
12442983,0,0
12443097,0,0
12443211,0,0
12443325,0,0
12443439,0,0
12443553,0,0
12443667,0,0
12443781,0,0
12443895,0,0
12444020,0,0
12444134,0,0
12444248,0,0
12444362,0,0
12444476,0,0
12444590,0,0
12444704,0,0
12444818,0,0
12444932,0,0
12445046,0,0
12445161,0,0
12445275,0,0
12445388,0,0
12445508,0,0
12445623,0,0
12445738,0,0
12445852,0,0
12445965,0,0
12446079,0,0
12446193,0,0
12446307,0,0
12446422,0,0
12446538,0,0
12446651,0,0
12446766,0,0
12446880,0,0
12446995,0,0
12447110,0,0
12447224,0,0
12447338,0,0
12447452,0,0
12447566,0,0
12447681,0,0
12447795,0,0
12447908,0,0
12448023,0,0
12448137,0,0
12448251,0,0
12448365,0,0
12448478,0,0
12448592,0,0
12448706,0,0
12448827,1,0
12448942,1,0
12449055,1,0
12449169,1,0
12449284,1,0
12449398,1,0
12449512,1,0
12449629,1,1
12449744,1,1
12449867,1,1
12449983,1,1
12450097,1,0
12450212,1,0
12450327,1,0
12450442,1,0
12450556,1,0
12450670,1,0
12450784,1,0
12450898,1,0
12451012,1,0
12451126,1,0
12451242,1,0
12451356,0,0
12451517,0,0
12451631,0,0
12451745,0,0
12451859,0,0
12451973,0,0
12452087,0,0
12452202,0,0
12452315,0,0
12452430,0,0
12452544,0,0
12452657,0,0
12452773,0,0
12452886,0,0
12453001,0,0
12453115,0,0
12453229,0,0
12453343,0,0
12453457,0,0
12453571,0,0
12453685,0,0
12453799,0,0
12453919,0,1
12454034,0,1
12454147,0,1
12454261,0,1
12454379,0,0
12454492,0,0
12454610,1,0
12454725,1,0
12454844,0,0
12454964,1,0
12455078,1,0
12455193,1,0
12455307,1,0
12455421,1,0
12455535,1,0
12455651,0,0
12455767,0,0
12455881,0,0
12455995,0,0
12456109,0,0
12456223,0,0
12456338,0,0
12456460,0,0
12456576,0,0
12456691,0,0
12456805,0,0
12456919,0,0
12457033,0,0
12457147,0,0
12457261,0,0
12457375,0,0
12457489,0,0
12457603,0,0
12457717,0,0
12457831,0,0
12457945,0,0
12458060,0,0
12458174,0,0
12458287,0,0
12458400,0,0
12458514,0,0
12458628,0,0
12458743,0,0
12458857,0,0
12458970,0,0
12459085,0,0
12459199,0,0
12459313,0,0
12459427,0,0
12459541,0,0
12459655,0,0
12459769,0,0
12459897,0,0
12460013,0,0
12460127,0,0
12460241,0,0
12460357,0,0
12460471,0,0
12460585,0,0
12460699,0,0
12460813,0,0
12460927,0,0
12461041,0,0
12461155,0,0
12461270,0,0
12461384,0,0
12461498,0,0
12461610,0,0
12461724,0,0
12461838,0,0
12461952,0,0
12462066,0,0
12462180,0,0
12462294,0,0
12462419,0,0
12462533,0,0
12462647,0,0
12462761,0,0
12462876,0,0
12462990,0,0
12463104,0,0
12463218,0,0
12463332,0,0
12463446,0,0
12463560,0,0
12463674,0,0
12463788,0,0
12463902,0,0
12464016,0,0
12464130,0,0
12464244,0,0
12464358,0,0
12464472,0,0
12464586,0,0
12464700,0,0
12464816,0,0
12464930,0,0
12465044,0,0
12465158,0,0
12465272,0,0
12465386,0,0
12465500,0,0
12465613,0,0
12465727,0,0
12465842,0,0
12465955,0,0
12466069,0,0
12466184,0,0
12466297,0,0
12466411,0,0
12466526,0,0
12466640,0,0
12466754,0,0
12466868,0,0
12466982,0,0
12467096,0,0
12467210,0,0
12467324,0,0
12467438,0,0
12467552,0,0
12467666,0,0
12467780,0,0
12467894,0,0
12468008,0,0
12468122,0,0
12468235,0,0
12468349,0,0
12468463,0,0
12468577,0,0
12468691,0,0
12468805,0,0
12468919,0,0
12469033,0,0
12469147,0,0
12469263,0,0
12469377,0,0
12469491,0,0
12469605,0,0
12469719,0,0
12469833,0,0
12469958,0,0
12470073,0,0
12470187,0,0
12470301,0,0
12470415,0,0
12470529,0,0
12470643,0,0
12470758,0,0
12470871,0,0
12470986,0,0
12471100,0,0
12471214,0,0
12471327,0,0
12471441,0,0
12471560,0,0
12471675,0,0
12471789,0,0
12471903,0,0
12472017,0,0
12472132,0,0
12472246,0,0
12472360,0,0
12472474,0,0
12472588,0,0
12472701,0,0
12472816,0,0
12472930,0,0
12473044,0,0
12473159,0,0
12473273,0,0
12473387,0,0
12473501,0,0
12473615,0,0
12473729,0,0
12473845,0,0
12473958,0,0
12474071,0,0
12474186,0,0
12474298,0,0
12474412,0,0
12474525,0,0
12474639,0,0
12474751,0,0
12474864,0,0
12474979,0,0
12475094,0,0
12475208,0,0
12475322,0,0
12475436,0,0
12475550,0,0
12475664,0,0
12475779,0,0
12475893,0,0
12476007,0,0
12476119,0,0
12476234,0,0
12476348,0,0
12476462,0,0
12476576,0,0
12476689,0,0
12476803,0,0
12476917,0,0
12477031,0,0
12477145,0,0
12477259,0,0
12477374,0,0
12477488,0,0
12477601,0,0
12477715,0,0
12477828,0,0
12477942,0,0
12478056,0,0
12478170,0,0
12478287,0,0
12478400,0,0
12478514,0,0
12478628,0,0
12478742,0,0
12478855,0,0
12478970,0,0
12479084,0,0
12479198,0,0
12479312,0,0
12479426,0,0
12479540,0,0
12479654,0,0
12479768,0,0
12479882,0,0
12480009,0,0
12480124,0,0
12480236,0,0
12480349,0,0
12480463,0,0
12480577,0,0
12480691,0,0
12480803,0,0
12480917,0,0
12481030,0,0
12481144,0,0
12481258,0,0
12481372,0,0
12481486,0,0
12481611,0,0
12481725,0,0
12481839,0,0
12481953,0,0
12482067,0,0
12482181,0,0
12482295,0,0
12482409,0,0
12482523,0,0
12482638,0,0
12482751,0,0
12482868,0,0
12482980,0,0
12483095,0,0
12483209,0,0
12483322,0,0
12483435,0,0
12483549,0,0
12483664,0,0
12483778,0,0
12483892,0,0
12484006,0,0
12484120,0,0
12484234,0,0
12484348,0,0
12484462,0,0
12484576,0,0
12484690,0,0
12484804,0,0
12484918,0,0
12485032,0,0
12485146,0,0
12485260,0,0
12485374,0,0
12485487,0,0
12485601,0,0
12485715,0,0
12485829,0,0
12485944,0,0
12486058,0,0
12486172,0,0
12486286,0,0
12486400,0,0
12486514,0,0
12486632,0,0
12486747,0,0
12486861,0,0
12486974,0,0
12487087,0,0
12487201,0,0
12487318,0,0
12487431,0,0
12487545,0,0
12487659,0,0
12487773,0,0
12487887,0,0
12488001,0,0
12488115,0,0
12488229,0,0
12488342,0,0
12488454,0,0
12488568,0,0
12488681,0,0
12488794,0,0
12488907,0,0
12489021,0,0
12489135,0,0
12489249,0,0
12489363,0,0
12489486,1,1
12489601,1,1
12489715,1,1
12489828,1,1
12489959,1,0
12490074,1,0
12490188,1,0
12490300,1,0
12490414,1,0
12490529,1,0
12490642,1,0
12490757,1,0
12490872,1,0
12490986,1,0
12491101,1,0
12491215,1,0
12491329,1,0
12491443,1,0
12491557,1,0
12491671,1,0
12491787,1,0
12491901,1,0
12492015,1,0
12492129,1,0
12492243,1,0
12492357,1,0
12492471,1,0
12492585,1,0
12492699,0,0
12492857,0,0
12492972,0,0
12493087,0,0
12493201,0,0
12493315,0,0
12493429,0,0
12493543,0,0
12493664,0,1
12493778,0,1
12493892,0,1
12494006,0,1
12494120,0,0
12494239,0,0
12494354,0,0
12494468,0,0
12494582,0,0
12494696,0,0
12494809,0,0
12494924,0,0
12495038,0,0
12495152,0,0
12495267,0,0
12495380,0,0
12495494,0,0
12495608,0,0
12495723,0,0
12495836,0,0
12495951,0,0
12496065,0,0
12496178,0,0
12496294,0,0
12496410,0,0
12496524,0,0
12496638,0,0
12496752,0,0
12496866,0,0
12496980,0,0
12497094,0,0
12497207,0,0
12497321,0,0
12497436,0,0
12497548,0,0
12497662,0,0
12497776,0,0
12497890,0,0
12498004,0,0
12498118,0,0
12498232,0,0
12498347,0,0
12498461,0,0
12498575,0,0
12498689,0,0
12498803,0,0
12498917,0,0
12499032,0,0
12499147,0,0
12499261,0,0
12499374,0,0
12499488,0,0
12499602,0,0
12499717,0,0
12499830,0,0
12499969,0,0
12500084,0,0
12500198,0,0
12500313,0,0
12500427,0,0
12500541,0,0
12500655,0,0
12500769,0,0
12500885,0,0
12500999,0,0
12501114,0,0
12501228,0,0
12501342,0,0
12501456,0,0
12501570,0,0
12501685,0,0
12501799,0,0
12501912,0,0
12502026,0,0
12502140,0,0
12502254,0,0
12502368,0,0
12502482,1,0
12502604,1,0
12502727,1,0
12502845,1,0
12502959,1,0
12503073,1,0
12503188,1,0
12503307,1,1
12503420,1,1
12503535,1,1
12503648,1,1
12503763,1,0
12503882,1,0
12503997,1,0
12504111,1,0
12504225,1,0
12504415,0,0
12504531,0,0
12504645,0,0
12504760,0,0
12504874,0,0
12504988,0,0
12505102,0,0
12505216,0,0
12505331,0,0
12505445,0,0
12505557,0,0
12505671,0,0
12505786,0,0
12505899,0,0
12506012,0,0
12506126,0,0
12506241,0,0
12506355,0,0
12506469,0,0
12506583,0,0
12506703,1,0
12506817,1,0
12506931,1,0
12507045,1,0
12507160,1,0
12507274,1,0
12507389,1,0
12507502,1,1
12507625,1,1
12507739,1,1
12507853,1,1
12507967,1,1
12508086,1,0
12508201,1,0
12508315,1,0
12508429,1,0
12508543,1,0
12508657,1,0
12508771,1,0
12508886,1,0
12509000,1,0
12509219,0,0
12509334,0,0
12509449,0,0
12509562,0,0
12509676,0,0
12509790,0,0
12509904,0,0
12510031,0,0
12510149,0,0
12510264,0,0
12510378,0,0
12510492,0,0
12510606,0,0
12510720,0,0
12510834,0,0
12510949,0,0
12511063,0,0
12511176,0,0
12511291,0,0
12511405,0,0
12511519,0,0
12511633,0,0
12511747,0,1
12511866,0,1
12511981,0,1
12512095,0,1
12512210,0,1
12512329,0,0
12512444,0,0
12512557,0,0
12512672,0,0
12512786,1,0
12512907,1,0
12513021,1,0
12513135,1,0
12513249,1,0
12513363,1,0
12513477,1,0
12513591,1,0
12513705,1,0
12513819,1,0
12513933,1,0
12514047,1,0
12514162,1,0
12514282,1,0
12514396,1,0
12514510,1,0
12514627,1,0
12514745,1,0
12514859,1,0
12514973,1,0
12515163,0,0
12515279,0,0
12515393,0,0
12515506,0,0
12515620,0,0
12515735,0,0
12515849,0,0
12515963,0,0
12516083,0,1
12516198,0,1
12516312,0,1
12516425,0,1
12516555,0,0
12516670,0,0
12516784,0,0
12516898,0,0
12517012,0,0
12517126,0,0
12517239,0,0
12517354,0,0
12517467,0,0
12517581,0,0
12517695,0,0
12517809,0,0
12517923,0,0
12518037,0,0
12518151,0,0
12518265,0,0
12518380,0,0
12518493,0,0
12518607,0,0
12518721,0,0
12518835,0,0
12518949,0,0
12519063,0,0
12519177,0,0
12519293,0,0
12519407,0,0
12519521,0,0
12519635,0,0
12519749,0,0
12519863,0,0
12519977,0,0
12520106,0,0
12520221,0,1
12520341,0,1
12520455,0,1
12520570,0,1
12520684,0,1
12520799,0,0
12520914,0,0
12521030,1,0
12521145,1,0
12521258,1,0
12521373,1,0
12521487,1,0
12521601,1,0
12521715,1,0
12521830,1,0
12521944,1,0
12522057,1,0
12522172,1,0
12522286,1,0
12522400,1,0
12522593,0,0
12522708,0,0
12522822,0,0
12522936,0,0
12523051,0,0
12523165,0,0
12523278,0,0
12523392,0,0
12523506,0,0
12523620,0,0
12523734,0,0
12523850,0,0
12523964,0,0
12524078,0,0
12524192,0,0
12524306,0,0
12524420,0,0
12524534,0,0
12524648,0,0
12524760,0,0
12524880,0,0
12524996,0,0
12525110,0,0
12525224,0,0
12525338,0,0
12525452,0,0
12525566,0,0
12525680,0,0
12525794,0,0
12525908,0,0
12526022,0,0
12526136,0,0
12526250,0,0
12526365,0,0
12526478,0,0
12526593,0,0
12526707,0,0
12526821,0,0
12526935,0,0
12527049,0,0
12527162,0,0
12527276,0,0
12527390,0,0
12527504,0,0
12527618,0,0
12527732,0,0
12527846,0,0
12527960,0,0
12528074,0,0
12528188,0,0
12528304,0,0
12528419,0,0
12528532,0,0
12528646,0,0
12528761,0,0
12528875,0,0
12528989,0,0
12529103,0,0
12529217,0,0
12529332,0,0
12529446,0,0
12529559,0,0
12529673,0,0
12529787,0,0
12529901,0,0
12530015,0,0
12530143,0,0
12530258,0,0
12530372,0,0
12530485,0,0
12530600,0,0
12530714,0,0
12530828,0,0
12530942,0,0
12531056,0,0
12531170,0,0
12531283,0,0
12531398,0,0
12531512,0,0
12531626,0,0
12531740,0,0
12531854,0,0
12531967,0,0
12532081,0,0
12532195,0,0
12532309,0,0
12532423,0,0
12532537,0,0
12532652,0,0
12532766,0,0
12532883,0,0
12532997,0,0
12533111,0,0
12533226,0,0
12533340,0,0
12533453,0,0
12533568,0,0
12533682,0,0
12533796,0,0
12533910,0,0
12534024,0,0
12534138,0,0
12534252,0,0
12534366,0,0
12534480,0,0
12534594,0,0
12534708,0,0
12534833,0,0
12534947,0,0
12535061,0,0
12535175,0,0
12535289,0,0
12535403,0,0
12535517,0,0
12535631,0,0
12535746,0,0
12535860,0,0
12535974,0,0
12536088,0,0
12536202,0,0
12536316,0,0
12536430,0,0
12536545,0,0
12536659,0,0
12536773,0,0
12536888,0,0
12537001,0,0
12537116,0,0
12537230,0,0
12537346,0,0
12537468,0,1
12537583,0,1
12537697,0,1
12537811,0,1
12537931,0,0
12538051,0,0
12538166,0,0
12538280,0,0
12538400,1,0
12538515,1,0
12538629,1,0
12538743,1,0
12538857,1,0
12538971,1,0
12539085,1,0
12539200,1,0
12539314,1,0
12539428,1,0
12539542,1,0
12539656,1,0
12539770,1,0
12539885,1,0
12539998,1,0
12540125,1,0
12540240,1,0
12540354,1,0
12540468,1,0
12540582,1,0
12540696,1,0
12540811,1,0
12540925,1,0
12541039,1,0
12541153,1,0
12541267,1,0
12541382,1,0
12541497,1,0
12541722,0,1
12541838,0,1
12541952,0,1
12542069,0,1
12542184,0,0
12542300,0,0
12542415,0,0
12542528,0,0
12542642,0,0
12542757,0,0
12542870,0,0
12542985,0,0
12543099,0,0
12543213,0,0
12543327,0,0
12543441,0,0
12543555,0,0
12543670,0,0
12543784,0,0
12543897,0,0
12544012,0,0
12544126,0,0
12544240,0,0
12544354,0,0
12544468,0,0
12544582,0,0
12544697,0,0
12544811,0,0
12544924,0,0
12545045,1,0
12545160,1,0
12545274,1,0
12545389,1,0
12545502,1,0
12545617,1,0
12545731,1,0
12545845,1,0
12545966,1,1
12546081,1,1
12546195,1,1
12546309,1,1
12546423,1,0
12546545,1,0
12546659,1,0
12546773,1,0
12546888,1,0
12547002,1,0
12547116,1,0
12547230,1,0
12547344,1,0
12547459,1,0
12547573,1,0
12547687,1,0
12547802,1,0
12547916,1,0
12548030,1,0
12548144,1,0
12548258,1,0
12548371,1,0
12548486,1,0
12548606,1,0
12548721,1,0
12548835,0,0
12548997,0,0
12549112,0,0
12549226,0,0
12549341,0,0
12549455,0,0
12549569,0,0
12549684,0,0
12549800,0,0
12549915,0,0
12550029,0,0
12550157,0,1
12550275,0,1
12550389,0,1
12550503,0,1
12550617,0,1
12550734,0,0
12550848,0,0
12550962,0,0
12551079,0,0
12551193,0,0
12551306,0,0
12551420,0,0
12551534,0,0
12551648,0,0
12551762,0,0
12551876,0,0
12551990,0,0
12552104,0,0
12552229,0,0
12552343,0,0
12552457,0,0
12552571,0,0
12552685,0,0
12552799,0,0
12552913,0,0
12553027,0,0
12553141,0,0
12553256,0,0
12553370,0,0
12553483,0,0
12553597,0,0
12553712,0,0
12553826,0,0
12553940,0,0
12554055,0,0
12554169,0,0
12554281,0,0
12554395,0,0
12554509,0,0
12554623,0,0
12554738,0,0
12554852,0,0
12554966,0,0
12555080,0,0
12555194,0,0
12555308,0,0
12555422,0,0
12555536,0,0
12555653,0,0
12555767,0,0
12555881,0,0
12555995,0,0
12556109,0,0
12556223,0,0
12556337,0,0
12556451,0,0
12556566,0,0
12556680,0,0
12556794,0,0
12556908,0,0
12557022,0,0
12557136,0,0
12557250,0,0
12557364,0,0
12557477,0,0
12557590,0,0
12557705,0,0
12557819,0,0
12557932,0,0
12558047,0,0
12558160,0,0
12558275,0,0
12558389,0,0
12558503,0,0
12558616,0,0
12558731,0,0
12558845,0,0
12558959,0,0
12559073,0,0
12559188,0,0
12559302,0,0
12559416,0,0
12559530,0,0
12559644,0,0
12559758,0,0
12559872,0,0
12559986,0,0
12560102,0,0
12560230,0,0
12560345,0,0
12560458,0,0
12560573,0,0
12560687,0,0
12560801,0,0
12560916,0,0
12561030,0,0
12561144,0,0
12561258,0,0
12561372,0,0
12561487,0,0
12561601,0,0
12561714,0,0
12561828,0,0
12561942,0,0
12562056,0,0
12562170,0,0
12562285,0,0
12562399,0,0
12562513,0,0
12562627,0,0
12562741,0,0
12562855,0,0
12562970,0,0
12563084,0,0
12563198,0,0
12563312,0,0
12563426,0,0
12563539,0,0
12563654,0,0
12563768,0,0
12563882,0,0
12563996,0,0
12564117,1,0
12564232,1,0
12564346,1,0
12564461,1,0
12564574,1,0
12564687,1,0
12564806,1,0
12564920,1,0
12565035,1,0
12565149,1,0
12565263,1,0
12565378,1,0
12565492,1,0
12565606,1,0
12565720,1,0
12565835,1,0
12565949,1,0
12566063,1,0
12566178,1,0
12566292,1,1
12566411,1,1
12566525,1,1
12566639,1,1
12566754,1,1
12566873,1,0
12566988,1,0
12567102,1,0
12567216,1,0
12567331,1,0
12567444,0,0
12567608,0,0
12567722,0,0
12567837,0,0
12567951,0,0
12568065,0,0
12568179,0,0
12568293,0,0
12568407,0,0
12568521,0,0
12568635,0,0
12568749,0,0
12568864,0,0
12568978,0,0
12569091,0,0
12569208,0,0
12569322,0,0
12569436,0,0
12569550,0,0
12569664,0,0
12569778,0,0
12569892,0,0
12570006,0,0
12570120,0,0
12570247,0,0
12570362,0,0
12570476,0,0
12570601,0,0
12570715,0,0
12570829,0,0
12570943,0,0
12571057,0,0
12571171,0,0
12571285,0,0
12571399,0,0
12571513,0,0
12571630,0,1
12571751,0,1
12571867,0,1
12571981,0,1
12572095,0,0
12572214,0,0
12572328,0,0
12572441,0,0
12572556,0,0
12572669,0,0
12572784,0,0
12572898,0,0
12573012,0,0
12573128,0,0
12573242,0,0
12573357,0,0
12573472,0,0
12573586,0,0
12573709,1,0
12573823,1,0
12573937,1,0
12574052,1,0
12574166,1,0
12574279,1,0
12574394,1,0
12574508,1,0
12574622,1,0
12574736,1,0
12574850,1,0
12574964,1,0
12575078,1,0
12575192,1,0
12575306,1,0
12575420,1,0
12575534,1,0
12575647,1,0
12575761,1,0
12575882,1,1
12575997,1,1
12576111,1,1
12576225,1,1
12576339,1,0
12576457,1,0
12576571,1,0
12576685,1,0
12576799,1,0
12576913,1,0
12577027,1,0
12577141,1,0
12577255,1,0
12577482,0,0
12577597,0,0
12577711,0,0
12577825,0,0
12577939,0,0
12578053,0,0
12578167,0,0
12578281,0,0
12578397,0,0
12578511,0,0
12578625,0,0
12578740,0,0
12578853,0,0
12578967,0,0
12579081,0,0
12579195,0,0
12579310,0,0
12579424,0,0
12579537,0,0
12579650,0,0
12579765,0,0
12579879,0,0
12579993,0,0
12580113,0,1
12580241,0,1
12580356,0,1
12580470,0,1
12580584,0,0
12580701,0,0
12580815,0,0
12580929,0,0
12581043,0,0
12581157,0,0
12581271,0,0
12581385,0,0
12581499,0,0
12581613,0,0
12581727,0,0
12581841,0,0
12581955,0,0
12582069,0,0
12582184,0,0
12582298,0,0
12582412,0,0
12582526,0,0
12582640,0,0
12582754,0,0
12582870,0,0
12582984,0,0
12583104,0,0
12583222,0,0
12583336,0,0
12583450,0,0
12583564,0,0
12583678,0,0
12583791,0,0
12583905,0,0
12584019,0,0
12584133,0,0
12584247,0,0
12584361,0,0
12584475,0,0
12584589,0,0
12584703,0,0
12584817,0,0
12584931,0,0
12585045,0,0
12585159,0,0
12585273,0,0
12585387,0,0
12585500,0,0
12585614,0,0
12585728,0,0
12585842,0,0
12585956,0,0
12586070,0,0
12586184,0,0
12586298,0,0
12586412,0,0
12586526,0,0
12586640,0,0
12586754,0,0
12586868,0,0
12586982,0,0
12587096,0,0
12587210,0,0
12587326,0,0
12587440,0,0
12587554,0,0
12587668,0,0
12587782,0,0
12587896,0,0
12588010,0,0
12588124,0,0
12588238,0,0
12588352,0,0
12588466,0,0
12588580,0,0
12588694,0,0
12588808,0,0
12588922,0,0
12589047,0,0
12589161,0,0
12589275,0,0
12589390,0,0
12589503,0,0
12589617,0,0
12589731,0,1
12589853,0,1
12589967,0,1
12590081,0,1
12590208,0,1
12590329,1,0
12590443,1,0
12590557,1,0
12590672,1,0
12590786,1,0
12590900,1,0
12591014,1,0
12591128,1,0
12591242,1,0
12591356,1,0
12591470,1,0
12591584,1,0
12591700,1,0
12591814,1,0
12591932,1,0
12592046,1,0
12592160,1,0
12592283,1,0
12592397,1,0
12592511,1,0
12592626,1,0
12592739,1,0
12592854,1,0
12592968,1,0
12593082,1,0
12593197,1,0
12593311,1,0
12593424,1,0
12593539,1,0
12593653,1,0
12593767,1,0
12593881,1,0
12594001,1,1
12594116,1,1
12594230,1,1
12594344,1,1
12594458,1,0
12594577,1,0
12594691,1,0
12594805,1,0
12594920,1,0
12595034,1,0
12595148,1,0
12595262,1,0
12595376,1,0
12595490,1,0
12595604,1,0
12595718,1,0
12595831,1,0
12595946,1,0
12596060,1,0
12596174,1,0
12596288,1,0
12596404,1,0
12596519,1,0
12596633,1,0
12596748,1,0
12596861,1,0
12596975,1,0
12597090,1,0
12597205,1,0
12597319,1,0
12597433,1,0
12597547,1,0
12597661,1,0
12597775,1,0
12597889,1,0
12598003,1,0
12598117,1,0
12598231,1,0
12598345,1,0
12598460,1,0
12598573,1,0
12598687,1,0
12598802,1,0
12598916,1,0
12599030,1,0
12599144,1,0
12599332,0,0
12599449,0,0
12599563,0,0
12599677,0,0
12599790,0,0
12599905,0,0
12600018,0,0
12600132,0,0
12600260,0,0
12600374,0,1
12600498,0,1
12600612,0,1
12600726,0,1
12600840,0,1
12600958,0,0
12601075,0,0
12601189,0,0
12601303,0,0
12601415,0,0
12601530,0,0
12601644,0,0
12601758,0,0
12601872,0,0
12601986,0,0
12602100,0,0
12602214,0,0
12602329,0,0
12602443,0,0
12602557,0,0
12602671,0,0
12602784,0,0
12602898,0,0
12603012,0,0
12603126,0,0
12603240,0,0
12603353,0,0
12603467,0,0
12603580,0,0
12603693,0,0
12603812,1,0
12603927,1,0
12604041,1,0
12604155,1,0
12604269,1,0
12604383,1,0
12604497,1,0
12604611,1,1
12604730,1,1
12604844,1,1
12604958,1,1
12605073,1,1
12605192,1,0
12605307,1,0
12605422,1,0
12605538,1,0
12605652,1,0
12605766,1,0
12605880,1,0
12605994,1,0
12606108,1,0
12606222,1,0
12606336,1,0
12606450,1,0
12606563,1,0
12606678,1,0
12606793,1,0
12606907,1,0
12607021,1,0
12607135,1,0
12607249,1,0
12607374,1,0
12607488,1,0
12607602,1,0
12607716,1,0
12607830,1,0
12607944,1,0
12608058,1,0
12608282,0,0
12608397,0,0
12608510,0,0
12608625,0,0
12608739,0,0
12608853,0,1
12608973,0,1
12609088,0,1
12609202,0,1
12609316,0,1
12609435,0,0
12609550,0,0
12609664,0,0
12609778,0,0
12609892,0,0
12610005,0,0
12610121,0,0
12610249,0,0
12610364,0,0
12610478,0,0
12610592,0,0
12610706,0,0
12610820,0,0
12610934,0,0
12611048,0,0
12611162,0,0
12611276,0,0
12611390,0,0
12611504,0,0
12611618,0,0
12611733,0,0
12611847,0,0
12611960,0,0
12612075,0,0
12612189,0,0
12612303,0,0
12612417,0,0
12612531,0,0
12612644,0,0
12612757,0,0
12612871,0,0
12612985,0,0
12613099,0,0
12613213,0,0
12613327,0,0
12613441,0,0
12613555,0,0
12613669,0,0
12613782,0,0
12613896,0,0
12614010,0,0
12614125,0,0
12614238,0,0
12614352,0,0
12614466,0,0
12614581,0,0
12614697,0,0
12614812,0,0
12614925,0,0
12615039,0,0
12615153,0,0
12615267,0,0
12615381,0,0
12615495,0,0
12615609,0,0
12615723,0,0
12615837,0,0
12615951,0,0
12616064,0,0
12616179,0,0
12616292,0,0
12616407,0,0
12616521,0,0
12616635,0,0
12616749,0,0
12616863,0,0
12616977,0,0
12617091,0,0
12617205,0,0
12617319,0,0
12617432,0,0
12617546,0,0
12617659,0,0
12617773,0,0
12617887,0,0
12618001,0,0
12618116,0,0
12618230,0,0
12618344,0,0
12618458,0,0
12618571,0,0
12618686,0,0
12618800,0,0
12618914,0,0
12619028,0,0
12619145,0,0
12619259,0,0
12619372,0,0
12619487,0,0
12619600,0,0
12619715,0,0
12619829,0,0
12619944,0,0
12620057,0,0
12620172,0,0
12620299,0,0
12620414,0,0
12620527,0,0
12620642,0,0
12620755,0,0
12620876,0,0
12620993,0,0
12621107,0,0
12621221,0,0
12621335,0,0
12621449,0,0
12621563,0,0
12621677,0,0
12621791,0,0
12621904,0,0
12622018,0,0
12622132,0,0
12622246,0,0
12622360,0,0
12622474,0,0
12622589,0,0
