entity_id,state,last_changed
sensor.exit_beamsensor_high_sigma,514,2024-12-28T23:30:00.000Z
sensor.exit_beamsensor_high_sigma,499,2024-12-28T23:30:02.615Z
sensor.exit_beamsensor_high_sigma,520,2024-12-28T23:30:15.580Z
sensor.exit_beamsensor_high_sigma,496,2024-12-28T23:30:27.261Z
sensor.exit_beamsensor_high_sigma,499,2024-12-28T23:30:33.981Z
sensor.exit_beamsensor_high_sigma,612,2024-12-28T23:30:41.799Z
sensor.exit_beamsensor_high_sigma,654,2024-12-28T23:31:02.766Z
sensor.exit_beamsensor_high_sigma,667,2024-12-28T23:31:11.337Z
sensor.exit_beamsensor_high_sigma,666,2024-12-28T23:31:20.958Z
sensor.exit_beamsensor_high_sigma,596,2024-12-28T23:31:31.143Z
sensor.exit_beamsensor_high_sigma,630,2024-12-28T23:31:43.554Z
sensor.exit_beamsensor_high_sigma,657,2024-12-28T23:31:48.382Z
sensor.exit_beamsensor_high_sigma,679,2024-12-28T23:32:01.607Z
sensor.exit_beamsensor_high_sigma,689,2024-12-28T23:32:14.014Z
sensor.exit_beamsensor_high_sigma,673,2024-12-28T23:32:20.779Z
sensor.exit_beamsensor_high_sigma,364,2024-12-28T23:32:31.790Z
sensor.exit_beamsensor_high_sigma,340,2024-12-28T23:32:36.534Z
sensor.exit_beamsensor_high_sigma,357,2024-12-28T23:32:44.831Z
sensor.exit_beamsensor_high_sigma,370,2024-12-28T23:32:54.282Z
sensor.exit_beamsensor_high_sigma,250,2024-12-28T23:32:59.460Z
sensor.exit_beamsensor_high_sigma,266,2024-12-28T23:33:13.024Z
sensor.exit_beamsensor_high_sigma,273,2024-12-28T23:33:35.431Z
sensor.exit_beamsensor_high_sigma,407,2024-12-28T23:33:41.109Z
sensor.exit_beamsensor_high_sigma,696,2024-12-28T23:34:04.995Z
sensor.exit_beamsensor_high_sigma,692,2024-12-28T23:34:13.663Z
sensor.exit_beamsensor_high_sigma,685,2024-12-28T23:34:19.677Z
sensor.exit_beamsensor_high_sigma,812,2024-12-28T23:34:36.160Z
sensor.exit_beamsensor_high_sigma,752,2024-12-28T23:34:47.694Z
sensor.exit_beamsensor_high_sigma,746,2024-12-28T23:34:55.166Z
sensor.exit_beamsensor_high_sigma,748,2024-12-28T23:35:01.026Z
sensor.exit_beamsensor_high_sigma,778,2024-12-28T23:35:07.293Z
sensor.exit_beamsensor_high_sigma,760,2024-12-28T23:35:20.701Z
sensor.exit_beamsensor_high_sigma,748,2024-12-28T23:35:27.145Z
sensor.exit_beamsensor_high_sigma,564,2024-12-28T23:35:41.309Z
sensor.exit_beamsensor_high_sigma,584,2024-12-28T23:35:50.680Z
sensor.exit_beamsensor_high_sigma,728,2024-12-28T23:36:08.754Z
sensor.exit_beamsensor_high_sigma,707,2024-12-28T23:36:20.061Z
sensor.exit_beamsensor_high_sigma,710,2024-12-28T23:36:29.419Z
sensor.exit_beamsensor_high_sigma,799,2024-12-28T23:36:37.147Z
sensor.exit_beamsensor_high_sigma,737,2024-12-28T23:36:46.817Z
sensor.exit_beamsensor_high_sigma,642,2024-12-28T23:37:05.519Z
sensor.exit_beamsensor_high_sigma,527,2024-12-28T23:37:12.435Z
sensor.exit_beamsensor_high_sigma,476,2024-12-28T23:37:19.593Z
sensor.exit_beamsensor_high_sigma,541,2024-12-28T23:37:26.645Z
sensor.exit_beamsensor_high_sigma,561,2024-12-28T23:37:34.778Z
sensor.exit_beamsensor_high_sigma,525,2024-12-28T23:38:01.583Z
sensor.exit_beamsensor_high_sigma,590,2024-12-28T23:38:20.287Z
sensor.exit_beamsensor_high_sigma,633,2024-12-28T23:38:26.180Z
sensor.exit_beamsensor_high_sigma,708,2024-12-28T23:38:36.010Z
sensor.exit_beamsensor_high_sigma,746,2024-12-28T23:38:57.281Z
sensor.exit_beamsensor_high_sigma,730,2024-12-28T23:39:08.261Z
sensor.exit_beamsensor_high_sigma,756,2024-12-28T23:39:16.608Z
sensor.exit_beamsensor_high_sigma,858,2024-12-28T23:39:25.329Z
sensor.exit_beamsensor_high_sigma,912,2024-12-28T23:39:29.607Z
sensor.exit_beamsensor_high_sigma,1176,2024-12-28T23:39:34.588Z
sensor.exit_beamsensor_high_sigma,1131,2024-12-28T23:39:42.139Z
sensor.exit_beamsensor_high_sigma,1148,2024-12-28T23:39:50.630Z
sensor.exit_beamsensor_high_sigma,1159,2024-12-28T23:40:02.108Z
sensor.exit_beamsensor_high_sigma,1168,2024-12-28T23:40:06.992Z
sensor.exit_beamsensor_high_sigma,1022,2024-12-28T23:40:19.512Z
sensor.exit_beamsensor_high_sigma,1060,2024-12-28T23:40:31.846Z
sensor.exit_beamsensor_high_sigma,996,2024-12-28T23:40:45.089Z
sensor.exit_beamsensor_high_sigma,1006,2024-12-28T23:40:54.663Z
sensor.exit_beamsensor_high_sigma,1003,2024-12-28T23:41:02.979Z
sensor.exit_beamsensor_high_sigma,854,2024-12-28T23:41:16.139Z
sensor.exit_beamsensor_high_sigma,823,2024-12-28T23:41:23.922Z
sensor.exit_beamsensor_high_sigma,614,2024-12-28T23:41:31.928Z
sensor.exit_beamsensor_high_sigma,574,2024-12-28T23:41:48.804Z
sensor.exit_beamsensor_high_sigma,526,2024-12-28T23:41:56.809Z
sensor.exit_beamsensor_high_sigma,521,2024-12-28T23:42:07.612Z
sensor.exit_beamsensor_high_sigma,450,2024-12-28T23:42:20.734Z
sensor.exit_beamsensor_high_sigma,421,2024-12-28T23:42:27.159Z
sensor.exit_beamsensor_high_sigma,415,2024-12-28T23:42:35.238Z
sensor.exit_beamsensor_high_sigma,428,2024-12-28T23:42:53.238Z
sensor.exit_beamsensor_high_sigma,429,2024-12-28T23:43:00.431Z
sensor.exit_beamsensor_high_sigma,428,2024-12-28T23:43:13.999Z
sensor.exit_beamsensor_high_sigma,464,2024-12-28T23:43:19.617Z
sensor.exit_beamsensor_high_sigma,451,2024-12-28T23:43:31.682Z
sensor.exit_beamsensor_high_sigma,494,2024-12-28T23:43:40.857Z
sensor.exit_beamsensor_high_sigma,547,2024-12-28T23:43:52.683Z
sensor.exit_beamsensor_high_sigma,814,2024-12-28T23:44:00.013Z
sensor.exit_beamsensor_high_sigma,755,2024-12-28T23:44:06.016Z
sensor.exit_beamsensor_high_sigma,770,2024-12-28T23:44:17.557Z
sensor.exit_beamsensor_high_sigma,824,2024-12-28T23:44:29.445Z
sensor.exit_beamsensor_high_sigma,815,2024-12-28T23:44:34.593Z
sensor.exit_beamsensor_high_sigma,773,2024-12-28T23:44:47.621Z
sensor.exit_beamsensor_high_sigma,771,2024-12-28T23:44:59.128Z
sensor.exit_beamsensor_high_sigma,750,2024-12-28T23:45:07.775Z
sensor.exit_beamsensor_high_sigma,723,2024-12-28T23:45:18.369Z
sensor.exit_beamsensor_high_sigma,344,2024-12-28T23:45:34.398Z
sensor.exit_beamsensor_high_sigma,892,2024-12-28T23:46:04.861Z
sensor.exit_beamsensor_high_sigma,899,2024-12-28T23:46:17.545Z
sensor.exit_beamsensor_high_sigma,896,2024-12-28T23:46:25.927Z
sensor.exit_beamsensor_high_sigma,899,2024-12-28T23:46:38.258Z
sensor.exit_beamsensor_high_sigma,903,2024-12-28T23:46:49.086Z
sensor.exit_beamsensor_high_sigma,891,2024-12-28T23:47:00.512Z
sensor.exit_beamsensor_high_sigma,857,2024-12-28T23:47:15.262Z
sensor.exit_beamsensor_high_sigma,835,2024-12-28T23:47:23.325Z
sensor.exit_beamsensor_high_sigma,839,2024-12-28T23:47:36.188Z
sensor.exit_beamsensor_high_sigma,833,2024-12-28T23:47:41.266Z
sensor.exit_beamsensor_high_sigma,328,2024-12-28T23:47:49.332Z
sensor.exit_beamsensor_high_sigma,327,2024-12-28T23:47:56.967Z
sensor.exit_beamsensor_high_sigma,368,2024-12-28T23:48:04.297Z
sensor.exit_beamsensor_high_sigma,468,2024-12-28T23:48:10.518Z
sensor.exit_beamsensor_high_sigma,560,2024-12-28T23:48:30.606Z
sensor.exit_beamsensor_high_sigma,558,2024-12-28T23:48:37.385Z
sensor.exit_beamsensor_high_sigma,570,2024-12-28T23:48:45.629Z
sensor.exit_beamsensor_high_sigma,562,2024-12-28T23:49:02.366Z
sensor.exit_beamsensor_high_sigma,552,2024-12-28T23:49:23.395Z
sensor.exit_beamsensor_high_sigma,542,2024-12-28T23:49:35.257Z
sensor.exit_beamsensor_high_sigma,534,2024-12-28T23:49:50.254Z
sensor.exit_beamsensor_high_sigma,788,2024-12-28T23:50:06.219Z
sensor.exit_beamsensor_high_sigma,692,2024-12-28T23:50:14.234Z
sensor.exit_beamsensor_high_sigma,708,2024-12-28T23:50:21.099Z
sensor.exit_beamsensor_high_sigma,738,2024-12-28T23:50:30.598Z
sensor.exit_beamsensor_high_sigma,707,2024-12-28T23:50:36.964Z
sensor.exit_beamsensor_high_sigma,1155,2024-12-28T23:50:54.657Z
sensor.exit_beamsensor_high_sigma,1169,2024-12-28T23:51:01.161Z
sensor.exit_beamsensor_high_sigma,1172,2024-12-28T23:51:08.855Z
sensor.exit_beamsensor_high_sigma,1212,2024-12-28T23:51:16.473Z
sensor.exit_beamsensor_high_sigma,1221,2024-12-28T23:51:24.714Z
sensor.exit_beamsensor_high_sigma,1169,2024-12-28T23:51:33.776Z
sensor.exit_beamsensor_high_sigma,1209,2024-12-28T23:51:56.158Z
sensor.exit_beamsensor_high_sigma,1188,2024-12-28T23:52:11.831Z
sensor.exit_beamsensor_high_sigma,1178,2024-12-28T23:52:20.554Z
sensor.exit_beamsensor_high_sigma,1021,2024-12-28T23:52:24.929Z
sensor.exit_beamsensor_high_sigma,3569,2024-12-28T23:53:03.247Z
sensor.exit_beamsensor_high_sigma,3810,2024-12-28T23:53:19.100Z
sensor.exit_beamsensor_high_sigma,3791,2024-12-28T23:53:29.475Z
sensor.exit_beamsensor_high_sigma,3852,2024-12-28T23:53:44.979Z
sensor.exit_beamsensor_high_sigma,3816,2024-12-28T23:54:02.170Z
sensor.exit_beamsensor_high_sigma,3797,2024-12-28T23:54:13.069Z
sensor.exit_beamsensor_high_sigma,3746,2024-12-28T23:54:23.463Z
sensor.exit_beamsensor_high_sigma,3772,2024-12-28T23:54:32.211Z
sensor.exit_beamsensor_high_sigma,3765,2024-12-28T23:54:58.704Z
sensor.exit_beamsensor_high_sigma,3611,2024-12-28T23:55:11.161Z
sensor.exit_beamsensor_high_sigma,2150,2024-12-28T23:55:21.314Z
sensor.exit_beamsensor_high_sigma,1633,2024-12-28T23:55:34.846Z
sensor.exit_beamsensor_high_sigma,1615,2024-12-28T23:55:46.533Z
sensor.exit_beamsensor_high_sigma,1651,2024-12-28T23:56:10.580Z
sensor.exit_beamsensor_high_sigma,1696,2024-12-28T23:56:25.098Z
sensor.exit_beamsensor_high_sigma,1725,2024-12-28T23:56:32.662Z
sensor.exit_beamsensor_high_sigma,1733,2024-12-28T23:56:48.373Z
sensor.exit_beamsensor_high_sigma,1749,2024-12-28T23:56:53.469Z
sensor.exit_beamsensor_high_sigma,1706,2024-12-28T23:57:11.640Z
sensor.exit_beamsensor_high_sigma,467,2024-12-28T23:57:16.408Z
sensor.exit_beamsensor_high_sigma,447,2024-12-28T23:57:23.907Z
sensor.exit_beamsensor_high_sigma,452,2024-12-28T23:57:41.810Z
sensor.exit_beamsensor_high_sigma,399,2024-12-28T23:57:53.328Z
sensor.exit_beamsensor_high_sigma,391,2024-12-28T23:58:08.304Z
sensor.exit_beamsensor_high_sigma,383,2024-12-28T23:58:21.869Z
sensor.exit_beamsensor_high_sigma,382,2024-12-28T23:58:30.569Z
sensor.exit_beamsensor_high_sigma,366,2024-12-28T23:58:38.472Z
sensor.exit_beamsensor_high_sigma,4475,2024-12-28T23:59:16.105Z
sensor.exit_beamsensor_high_sigma,4459,2024-12-28T23:59:32.296Z
sensor.exit_beamsensor_high_sigma,4413,2024-12-28T23:59:39.405Z
sensor.exit_beamsensor_high_sigma,4417,2024-12-28T23:59:49.663Z
sensor.exit_beamsensor_high_sigma,4437,2024-12-29T00:00:04.910Z
sensor.exit_beamsensor_high_sigma,4421,2024-12-29T00:00:17.939Z
sensor.exit_beamsensor_high_sigma,4426,2024-12-29T00:00:29.435Z
sensor.exit_beamsensor_high_sigma,4440,2024-12-29T00:00:41.050Z
sensor.exit_beamsensor_high_sigma,4442,2024-12-29T00:00:47.570Z
sensor.exit_beamsensor_high_sigma,4477,2024-12-29T00:00:56.910Z
sensor.exit_beamsensor_high_sigma,547,2024-12-29T00:01:12.202Z
sensor.exit_beamsensor_high_sigma,546,2024-12-29T00:01:30.087Z
sensor.exit_beamsensor_high_sigma,557,2024-12-29T00:01:39.970Z
sensor.exit_beamsensor_high_sigma,560,2024-12-29T00:01:50.173Z
sensor.exit_beamsensor_high_sigma,571,2024-12-29T00:02:01.257Z
sensor.exit_beamsensor_high_sigma,572,2024-12-29T00:02:12.923Z
sensor.exit_beamsensor_high_sigma,570,2024-12-29T00:02:22.538Z
sensor.exit_beamsensor_high_sigma,604,2024-12-29T00:02:30.893Z
sensor.exit_beamsensor_high_sigma,607,2024-12-29T00:02:36.856Z
sensor.exit_beamsensor_high_sigma,624,2024-12-29T00:02:44.120Z
sensor.exit_beamsensor_high_sigma,640,2024-12-29T00:02:50.827Z
sensor.exit_beamsensor_high_sigma,643,2024-12-29T00:02:59.421Z
sensor.exit_beamsensor_high_sigma,609,2024-12-29T00:03:10.318Z
sensor.exit_beamsensor_high_sigma,607,2024-12-29T00:03:23.386Z
sensor.exit_beamsensor_high_sigma,1092,2024-12-29T00:03:52.819Z
sensor.exit_beamsensor_high_sigma,2806,2024-12-29T00:04:08.623Z
sensor.exit_beamsensor_high_sigma,3008,2024-12-29T00:04:20.107Z
sensor.exit_beamsensor_high_sigma,2988,2024-12-29T00:04:28.590Z
sensor.exit_beamsensor_high_sigma,2925,2024-12-29T00:04:40.175Z
sensor.exit_beamsensor_high_sigma,2996,2024-12-29T00:04:46.875Z
sensor.exit_beamsensor_high_sigma,2990,2024-12-29T00:04:51.024Z
sensor.exit_beamsensor_high_sigma,2884,2024-12-29T00:05:26.873Z
sensor.exit_beamsensor_high_sigma,2911,2024-12-29T00:05:38.040Z
sensor.exit_beamsensor_high_sigma,2965,2024-12-29T00:05:46.733Z
sensor.exit_beamsensor_high_sigma,2947,2024-12-29T00:05:57.679Z
sensor.exit_beamsensor_high_sigma,1810,2024-12-29T00:06:10.741Z
sensor.exit_beamsensor_high_sigma,1277,2024-12-29T00:06:28.919Z
sensor.exit_beamsensor_high_sigma,1264,2024-12-29T00:06:42.909Z
sensor.exit_beamsensor_high_sigma,751,2024-12-29T00:06:49.371Z
sensor.exit_beamsensor_high_sigma,734,2024-12-29T00:06:57.960Z
sensor.exit_beamsensor_high_sigma,688,2024-12-29T00:07:04.451Z
sensor.exit_beamsensor_high_sigma,697,2024-12-29T00:07:17.511Z
sensor.exit_beamsensor_high_sigma,644,2024-12-29T00:07:32.626Z
sensor.exit_beamsensor_high_sigma,529,2024-12-29T00:07:51.280Z
sensor.exit_beamsensor_high_sigma,323,2024-12-29T00:08:00.352Z
sensor.exit_beamsensor_high_sigma,295,2024-12-29T00:08:11.578Z
sensor.exit_beamsensor_high_sigma,307,2024-12-29T00:08:21.114Z
sensor.exit_beamsensor_high_sigma,463,2024-12-29T00:08:27.234Z
sensor.exit_beamsensor_high_sigma,562,2024-12-29T00:08:45.365Z
sensor.exit_beamsensor_high_sigma,566,2024-12-29T00:09:01.280Z
sensor.exit_beamsensor_high_sigma,4152,2024-12-29T00:09:43.566Z
sensor.exit_beamsensor_high_sigma,4138,2024-12-29T00:09:51.725Z
sensor.exit_beamsensor_high_sigma,4167,2024-12-29T00:10:00.912Z
sensor.exit_beamsensor_high_sigma,4151,2024-12-29T00:10:13.123Z
sensor.exit_beamsensor_high_sigma,4137,2024-12-29T00:10:23.314Z
sensor.exit_beamsensor_high_sigma,4159,2024-12-29T00:10:39.128Z
sensor.exit_beamsensor_high_sigma,4171,2024-12-29T00:10:44.621Z
sensor.exit_beamsensor_high_sigma,4129,2024-12-29T00:10:54.564Z
sensor.exit_beamsensor_high_sigma,4184,2024-12-29T00:11:01.805Z
sensor.exit_beamsensor_high_sigma,4216,2024-12-29T00:11:07.846Z
sensor.exit_beamsensor_high_sigma,787,2024-12-29T00:11:24.672Z
sensor.exit_beamsensor_high_sigma,468,2024-12-29T00:11:32.671Z
sensor.exit_beamsensor_high_sigma,471,2024-12-29T00:11:45.996Z
sensor.exit_beamsensor_high_sigma,401,2024-12-29T00:11:55.676Z
sensor.exit_beamsensor_high_sigma,311,2024-12-29T00:12:04.158Z
sensor.exit_beamsensor_high_sigma,404,2024-12-29T00:12:16.491Z
sensor.exit_beamsensor_high_sigma,529,2024-12-29T00:12:36.616Z
sensor.exit_beamsensor_high_sigma,530,2024-12-29T00:12:43.626Z
sensor.exit_beamsensor_high_sigma,518,2024-12-29T00:12:55.588Z
sensor.exit_beamsensor_high_sigma,609,2024-12-29T00:13:06.757Z
sensor.exit_beamsensor_high_sigma,628,2024-12-29T00:13:14.549Z
sensor.exit_beamsensor_high_sigma,588,2024-12-29T00:13:27.924Z
sensor.exit_beamsensor_high_sigma,696,2024-12-29T00:13:43.156Z
sensor.exit_beamsensor_high_sigma,701,2024-12-29T00:13:53.602Z
sensor.exit_beamsensor_high_sigma,686,2024-12-29T00:14:00.549Z
sensor.exit_beamsensor_high_sigma,577,2024-12-29T00:14:09.934Z
sensor.exit_beamsensor_high_sigma,594,2024-12-29T00:14:19.925Z
sensor.exit_beamsensor_high_sigma,596,2024-12-29T00:14:44.723Z
sensor.exit_beamsensor_high_sigma,701,2024-12-29T00:14:56.122Z
sensor.exit_beamsensor_high_sigma,652,2024-12-29T00:15:31.359Z
sensor.exit_beamsensor_high_sigma,628,2024-12-29T00:15:46.572Z
sensor.exit_beamsensor_high_sigma,622,2024-12-29T00:15:53.296Z
sensor.exit_beamsensor_high_sigma,659,2024-12-29T00:16:06.418Z
sensor.exit_beamsensor_high_sigma,665,2024-12-29T00:16:49.708Z
sensor.exit_beamsensor_high_sigma,578,2024-12-29T00:16:56.405Z
sensor.exit_beamsensor_high_sigma,552,2024-12-29T00:17:03.344Z
sensor.exit_beamsensor_high_sigma,597,2024-12-29T00:17:14.391Z
sensor.exit_beamsensor_high_sigma,648,2024-12-29T00:17:28.937Z
sensor.exit_beamsensor_high_sigma,628,2024-12-29T00:17:35.164Z
sensor.exit_beamsensor_high_sigma,692,2024-12-29T00:17:48.597Z
sensor.exit_beamsensor_high_sigma,661,2024-12-29T00:17:56.514Z
sensor.exit_beamsensor_high_sigma,643,2024-12-29T00:18:02.334Z
sensor.exit_beamsensor_high_sigma,610,2024-12-29T00:18:10.638Z
sensor.exit_beamsensor_high_sigma,612,2024-12-29T00:18:22.722Z
sensor.exit_beamsensor_high_sigma,568,2024-12-29T00:18:33.684Z
sensor.exit_beamsensor_high_sigma,566,2024-12-29T00:18:42.766Z
sensor.exit_beamsensor_high_sigma,572,2024-12-29T00:18:56.035Z
sensor.exit_beamsensor_high_sigma,559,2024-12-29T00:19:05.440Z
sensor.exit_beamsensor_high_sigma,593,2024-12-29T00:19:30.871Z
sensor.exit_beamsensor_high_sigma,681,2024-12-29T00:19:39.243Z
sensor.exit_beamsensor_high_sigma,687,2024-12-29T00:19:46.648Z
sensor.exit_beamsensor_high_sigma,649,2024-12-29T00:19:54.331Z
sensor.exit_beamsensor_high_sigma,681,2024-12-29T00:20:06.073Z
sensor.exit_beamsensor_high_sigma,747,2024-12-29T00:20:14.128Z
sensor.exit_beamsensor_high_sigma,939,2024-12-29T00:20:43.301Z
sensor.exit_beamsensor_high_sigma,1060,2024-12-29T00:20:51.894Z
sensor.exit_beamsensor_high_sigma,1078,2024-12-29T00:21:00.736Z
sensor.exit_beamsensor_high_sigma,1064,2024-12-29T00:21:10.900Z
sensor.exit_beamsensor_high_sigma,1062,2024-12-29T00:21:22.180Z
sensor.exit_beamsensor_high_sigma,1088,2024-12-29T00:21:31.852Z
sensor.exit_beamsensor_high_sigma,1085,2024-12-29T00:21:39.713Z
sensor.exit_beamsensor_high_sigma,1039,2024-12-29T00:21:58.956Z
sensor.exit_beamsensor_high_sigma,1044,2024-12-29T00:22:10.186Z
sensor.exit_beamsensor_high_sigma,882,2024-12-29T00:22:16.715Z
sensor.exit_beamsensor_high_sigma,835,2024-12-29T00:22:32.293Z
sensor.exit_beamsensor_high_sigma,721,2024-12-29T00:22:44.546Z
sensor.exit_beamsensor_high_sigma,728,2024-12-29T00:22:51.045Z
sensor.exit_beamsensor_high_sigma,746,2024-12-29T00:23:05.709Z
sensor.exit_beamsensor_high_sigma,807,2024-12-29T00:23:16.327Z
sensor.exit_beamsensor_high_sigma,674,2024-12-29T00:23:25.414Z
sensor.exit_beamsensor_high_sigma,651,2024-12-29T00:23:33.943Z
sensor.exit_beamsensor_high_sigma,656,2024-12-29T00:23:43.150Z
sensor.exit_beamsensor_high_sigma,445,2024-12-29T00:23:52.431Z
sensor.exit_beamsensor_high_sigma,446,2024-12-29T00:24:00.665Z
sensor.exit_beamsensor_high_sigma,4025,2024-12-29T00:24:43.230Z
sensor.exit_beamsensor_high_sigma,4027,2024-12-29T00:24:54.676Z
sensor.exit_beamsensor_high_sigma,3987,2024-12-29T00:25:04.603Z
sensor.exit_beamsensor_high_sigma,3963,2024-12-29T00:25:13.837Z
sensor.exit_beamsensor_high_sigma,3922,2024-12-29T00:25:20.714Z
sensor.exit_beamsensor_high_sigma,3938,2024-12-29T00:25:39.742Z
sensor.exit_beamsensor_high_sigma,3919,2024-12-29T00:25:52.561Z
sensor.exit_beamsensor_high_sigma,3894,2024-12-29T00:26:04.433Z
sensor.exit_beamsensor_high_sigma,3887,2024-12-29T00:26:14.661Z
sensor.exit_beamsensor_high_sigma,3886,2024-12-29T00:26:34.590Z
sensor.exit_beamsensor_high_sigma,611,2024-12-29T00:26:44.888Z
sensor.exit_beamsensor_high_sigma,603,2024-12-29T00:26:58.118Z
sensor.exit_beamsensor_high_sigma,636,2024-12-29T00:27:11.879Z
sensor.exit_beamsensor_high_sigma,858,2024-12-29T00:27:23.008Z
sensor.exit_beamsensor_high_sigma,840,2024-12-29T00:27:29.638Z
sensor.exit_beamsensor_high_sigma,879,2024-12-29T00:27:38.684Z
sensor.exit_beamsensor_high_sigma,941,2024-12-29T00:27:47.684Z
sensor.exit_beamsensor_high_sigma,948,2024-12-29T00:28:08.309Z
sensor.exit_beamsensor_high_sigma,979,2024-12-29T00:28:15.071Z
sensor.exit_beamsensor_high_sigma,882,2024-12-29T00:28:23.192Z
sensor.exit_beamsensor_high_sigma,877,2024-12-29T00:28:33.579Z
sensor.exit_beamsensor_high_sigma,887,2024-12-29T00:28:42.308Z
sensor.exit_beamsensor_high_sigma,486,2024-12-29T00:28:49.841Z
sensor.exit_beamsensor_high_sigma,467,2024-12-29T00:28:55.498Z
sensor.exit_beamsensor_high_sigma,507,2024-12-29T00:29:00.227Z
sensor.exit_beamsensor_high_sigma,513,2024-12-29T00:29:16.785Z
sensor.exit_beamsensor_high_sigma,394,2024-12-29T00:29:28.528Z
sensor.exit_beamsensor_high_sigma,393,2024-12-29T00:29:34.762Z
sensor.exit_beamsensor_high_sigma,440,2024-12-29T00:29:50.237Z
sensor.exit_beamsensor_high_sigma,568,2024-12-29T00:30:04.174Z
sensor.exit_beamsensor_high_sigma,1326,2024-12-29T00:30:14.743Z
sensor.exit_beamsensor_high_sigma,1573,2024-12-29T00:30:24.223Z
sensor.exit_beamsensor_high_sigma,1489,2024-12-29T00:30:32.506Z
sensor.exit_beamsensor_high_sigma,1481,2024-12-29T00:30:38.012Z
sensor.exit_beamsensor_high_sigma,1460,2024-12-29T00:30:45.751Z
sensor.exit_beamsensor_high_sigma,1492,2024-12-29T00:30:54.927Z
sensor.exit_beamsensor_high_sigma,1427,2024-12-29T00:31:09.872Z
sensor.exit_beamsensor_high_sigma,1452,2024-12-29T00:31:17.916Z
sensor.exit_beamsensor_high_sigma,1501,2024-12-29T00:31:26.714Z
sensor.exit_beamsensor_high_sigma,1594,2024-12-29T00:31:36.834Z
sensor.exit_beamsensor_high_sigma,1143,2024-12-29T00:31:46.887Z
sensor.exit_beamsensor_high_sigma,529,2024-12-29T00:31:56.701Z
sensor.exit_beamsensor_high_sigma,558,2024-12-29T00:32:09.137Z
sensor.exit_beamsensor_high_sigma,562,2024-12-29T00:32:27.188Z
sensor.exit_beamsensor_high_sigma,559,2024-12-29T00:32:35.254Z
sensor.exit_beamsensor_high_sigma,563,2024-12-29T00:32:48.195Z
sensor.exit_beamsensor_high_sigma,561,2024-12-29T00:32:56.810Z
sensor.exit_beamsensor_high_sigma,562,2024-12-29T00:33:02.266Z
sensor.exit_beamsensor_high_sigma,2725,2024-12-29T00:33:20.997Z
sensor.exit_beamsensor_high_sigma,2684,2024-12-29T00:33:26.781Z
sensor.exit_beamsensor_high_sigma,2675,2024-12-29T00:33:34.011Z
sensor.exit_beamsensor_high_sigma,2689,2024-12-29T00:33:46.534Z
sensor.exit_beamsensor_high_sigma,2640,2024-12-29T00:33:54.889Z
sensor.exit_beamsensor_high_sigma,2642,2024-12-29T00:34:04.049Z
sensor.exit_beamsensor_high_sigma,2650,2024-12-29T00:34:19.856Z
sensor.exit_beamsensor_high_sigma,2640,2024-12-29T00:34:31.893Z
sensor.exit_beamsensor_high_sigma,2665,2024-12-29T00:34:44.202Z
sensor.exit_beamsensor_high_sigma,2677,2024-12-29T00:34:53.020Z
sensor.exit_beamsensor_high_sigma,351,2024-12-29T00:35:23.376Z
sensor.exit_beamsensor_high_sigma,406,2024-12-29T00:35:30.390Z
sensor.exit_beamsensor_high_sigma,424,2024-12-29T00:35:38.167Z
sensor.exit_beamsensor_high_sigma,462,2024-12-29T00:35:47.029Z
sensor.exit_beamsensor_high_sigma,459,2024-12-29T00:35:56.075Z
sensor.exit_beamsensor_high_sigma,430,2024-12-29T00:36:15.695Z
sensor.exit_beamsensor_high_sigma,435,2024-12-29T00:36:21.875Z
sensor.exit_beamsensor_high_sigma,425,2024-12-29T00:36:27.084Z
sensor.exit_beamsensor_high_sigma,449,2024-12-29T00:36:42.710Z
sensor.exit_beamsensor_high_sigma,586,2024-12-29T00:36:50.568Z
sensor.exit_beamsensor_high_sigma,567,2024-12-29T00:37:01.272Z
sensor.exit_beamsensor_high_sigma,600,2024-12-29T00:37:10.447Z
sensor.exit_beamsensor_high_sigma,594,2024-12-29T00:37:21.533Z
sensor.exit_beamsensor_high_sigma,584,2024-12-29T00:37:30.348Z
sensor.exit_beamsensor_high_sigma,569,2024-12-29T00:37:41.411Z
sensor.exit_beamsensor_high_sigma,594,2024-12-29T00:37:50.171Z
sensor.exit_beamsensor_high_sigma,642,2024-12-29T00:37:58.823Z
sensor.exit_beamsensor_high_sigma,638,2024-12-29T00:38:09.883Z
sensor.exit_beamsensor_high_sigma,647,2024-12-29T00:38:24.711Z
sensor.exit_beamsensor_high_sigma,644,2024-12-29T00:38:35.458Z
sensor.exit_beamsensor_high_sigma,700,2024-12-29T00:38:43.929Z
sensor.exit_beamsensor_high_sigma,633,2024-12-29T00:38:59.515Z
sensor.exit_beamsensor_high_sigma,686,2024-12-29T00:39:13.737Z
sensor.exit_beamsensor_high_sigma,685,2024-12-29T00:39:23.648Z
sensor.exit_beamsensor_high_sigma,756,2024-12-29T00:39:38.946Z
sensor.exit_beamsensor_high_sigma,722,2024-12-29T00:39:55.448Z
sensor.exit_beamsensor_high_sigma,677,2024-12-29T00:40:07.127Z
sensor.exit_beamsensor_high_sigma,841,2024-12-29T00:40:23.538Z
sensor.exit_beamsensor_high_sigma,817,2024-12-29T00:40:45.569Z
sensor.exit_beamsensor_high_sigma,842,2024-12-29T00:40:54.137Z
sensor.exit_beamsensor_high_sigma,843,2024-12-29T00:41:11.055Z
sensor.exit_beamsensor_high_sigma,780,2024-12-29T00:41:18.185Z
sensor.exit_beamsensor_high_sigma,823,2024-12-29T00:41:26.377Z
sensor.exit_beamsensor_high_sigma,798,2024-12-29T00:41:40.621Z
sensor.exit_beamsensor_high_sigma,906,2024-12-29T00:41:56.059Z
sensor.exit_beamsensor_high_sigma,882,2024-12-29T00:42:10.804Z
sensor.exit_beamsensor_high_sigma,637,2024-12-29T00:42:22.371Z
sensor.exit_beamsensor_high_sigma,649,2024-12-29T00:42:29.091Z
sensor.exit_beamsensor_high_sigma,702,2024-12-29T00:42:46.351Z
sensor.exit_beamsensor_high_sigma,628,2024-12-29T00:42:58.721Z
sensor.exit_beamsensor_high_sigma,625,2024-12-29T00:43:07.889Z
sensor.exit_beamsensor_high_sigma,622,2024-12-29T00:43:17.384Z
sensor.exit_beamsensor_high_sigma,580,2024-12-29T00:43:26.964Z
sensor.exit_beamsensor_high_sigma,601,2024-12-29T00:43:37.581Z
sensor.exit_beamsensor_high_sigma,527,2024-12-29T00:43:52.693Z
sensor.exit_beamsensor_high_sigma,558,2024-12-29T00:44:07.599Z
sensor.exit_beamsensor_high_sigma,644,2024-12-29T00:44:16.444Z
sensor.exit_beamsensor_high_sigma,1057,2024-12-29T00:45:01.714Z
sensor.exit_beamsensor_high_sigma,1046,2024-12-29T00:45:11.966Z
sensor.exit_beamsensor_high_sigma,1044,2024-12-29T00:45:21.059Z
sensor.exit_beamsensor_high_sigma,1411,2024-12-29T00:45:21.372Z
sensor.exit_beamsensor_high_sigma,1410,2024-12-29T00:46:21.638Z
sensor.exit_beamsensor_high_sigma,1508,2024-12-29T00:46:31.178Z
sensor.exit_beamsensor_high_sigma,1493,2024-12-29T00:46:41.602Z
sensor.exit_beamsensor_high_sigma,1521,2024-12-29T00:46:49.947Z
sensor.exit_beamsensor_high_sigma,1527,2024-12-29T00:46:58.759Z
sensor.exit_beamsensor_high_sigma,1511,2024-12-29T00:47:23.678Z
sensor.exit_beamsensor_high_sigma,1217,2024-12-29T00:47:32.222Z
sensor.exit_beamsensor_high_sigma,1286,2024-12-29T00:47:46.595Z
sensor.exit_beamsensor_high_sigma,1334,2024-12-29T00:47:55.852Z
sensor.exit_beamsensor_high_sigma,921,2024-12-29T00:48:03.861Z
sensor.exit_beamsensor_high_sigma,1112,2024-12-29T00:48:15.564Z
sensor.exit_beamsensor_high_sigma,1019,2024-12-29T00:48:24.401Z
sensor.exit_beamsensor_high_sigma,1137,2024-12-29T00:48:35.022Z
sensor.exit_beamsensor_high_sigma,967,2024-12-29T00:48:50.996Z
sensor.exit_beamsensor_high_sigma,819,2024-12-29T00:49:02.627Z
sensor.exit_beamsensor_high_sigma,843,2024-12-29T00:49:09.664Z
sensor.exit_beamsensor_high_sigma,885,2024-12-29T00:49:20.936Z
sensor.exit_beamsensor_high_sigma,901,2024-12-29T00:49:37.457Z
sensor.exit_beamsensor_high_sigma,910,2024-12-29T00:49:46.770Z
sensor.exit_beamsensor_high_sigma,1097,2024-12-29T00:50:00.842Z
sensor.exit_beamsensor_high_sigma,974,2024-12-29T00:50:13.715Z
sensor.exit_beamsensor_high_sigma,1027,2024-12-29T00:50:20.156Z
sensor.exit_beamsensor_high_sigma,978,2024-12-29T00:50:39.202Z
sensor.exit_beamsensor_high_sigma,987,2024-12-29T00:50:54.403Z
sensor.exit_beamsensor_high_sigma,891,2024-12-29T00:51:08.682Z
sensor.exit_beamsensor_high_sigma,892,2024-12-29T00:51:19.509Z
sensor.exit_beamsensor_high_sigma,1299,2024-12-29T00:51:47.297Z
sensor.exit_beamsensor_high_sigma,1329,2024-12-29T00:51:59.175Z
sensor.exit_beamsensor_high_sigma,1363,2024-12-29T00:52:08.804Z
sensor.exit_beamsensor_high_sigma,1301,2024-12-29T00:52:23.598Z
sensor.exit_beamsensor_high_sigma,1574,2024-12-29T00:52:28.856Z
sensor.exit_beamsensor_high_sigma,1560,2024-12-29T00:52:35.806Z
sensor.exit_beamsensor_high_sigma,1434,2024-12-29T00:52:43.119Z
sensor.exit_beamsensor_high_sigma,1624,2024-12-29T00:52:57.693Z
sensor.exit_beamsensor_high_sigma,1628,2024-12-29T00:53:10.484Z
sensor.exit_beamsensor_high_sigma,1272,2024-12-29T00:53:27.733Z
sensor.exit_beamsensor_high_sigma,1284,2024-12-29T00:53:57.170Z
sensor.exit_beamsensor_high_sigma,1231,2024-12-29T00:54:03.967Z
sensor.exit_beamsensor_high_sigma,1228,2024-12-29T00:54:09.770Z
sensor.exit_beamsensor_high_sigma,814,2024-12-29T00:54:22.273Z
sensor.exit_beamsensor_high_sigma,837,2024-12-29T00:54:29.615Z
sensor.exit_beamsensor_high_sigma,814,2024-12-29T00:54:37.197Z
sensor.exit_beamsensor_high_sigma,567,2024-12-29T00:54:45.300Z
sensor.exit_beamsensor_high_sigma,1084,2024-12-29T00:54:50.391Z
sensor.exit_beamsensor_high_sigma,1112,2024-12-29T00:54:53.689Z
sensor.exit_beamsensor_high_sigma,1290,2024-12-29T00:55:09.183Z
sensor.exit_beamsensor_high_sigma,1279,2024-12-29T00:55:19.329Z
sensor.exit_beamsensor_high_sigma,1218,2024-12-29T00:55:32.197Z
sensor.exit_beamsensor_high_sigma,1298,2024-12-29T00:55:51.615Z
sensor.exit_beamsensor_high_sigma,1317,2024-12-29T00:55:58.130Z
sensor.exit_beamsensor_high_sigma,1379,2024-12-29T00:56:07.422Z
sensor.exit_beamsensor_high_sigma,1370,2024-12-29T00:56:21.551Z
sensor.exit_beamsensor_high_sigma,1345,2024-12-29T00:56:28.512Z
sensor.exit_beamsensor_high_sigma,915,2024-12-29T00:56:39.259Z
sensor.exit_beamsensor_high_sigma,1220,2024-12-29T00:56:41.382Z
sensor.exit_beamsensor_high_sigma,1064,2024-12-29T00:57:03.233Z
sensor.exit_beamsensor_high_sigma,1020,2024-12-29T00:57:17.475Z
sensor.exit_beamsensor_high_sigma,1102,2024-12-29T00:57:44.425Z
sensor.exit_beamsensor_high_sigma,1064,2024-12-29T00:57:52.267Z
sensor.exit_beamsensor_high_sigma,1059,2024-12-29T00:58:02.235Z
sensor.exit_beamsensor_high_sigma,1011,2024-12-29T00:58:15.773Z
sensor.exit_beamsensor_high_sigma,1008,2024-12-29T00:58:34.503Z
sensor.exit_beamsensor_high_sigma,1077,2024-12-29T00:58:51.950Z
sensor.exit_beamsensor_high_sigma,695,2024-12-29T00:59:01.318Z
sensor.exit_beamsensor_high_sigma,715,2024-12-29T00:59:13.778Z
sensor.exit_beamsensor_high_sigma,724,2024-12-29T00:59:20.931Z
sensor.exit_beamsensor_high_sigma,589,2024-12-29T00:59:26.832Z
sensor.exit_beamsensor_high_sigma,493,2024-12-29T00:59:37.985Z
sensor.exit_beamsensor_high_sigma,539,2024-12-29T00:59:48.238Z
sensor.exit_beamsensor_high_sigma,479,2024-12-29T00:59:59.806Z
sensor.exit_beamsensor_high_sigma,620,2024-12-29T01:00:11.062Z
sensor.exit_beamsensor_high_sigma,613,2024-12-29T01:00:21.863Z
sensor.exit_beamsensor_high_sigma,533,2024-12-29T01:00:34.044Z
sensor.exit_beamsensor_high_sigma,536,2024-12-29T01:00:55.939Z
sensor.exit_beamsensor_high_sigma,533,2024-12-29T01:01:08.054Z
sensor.exit_beamsensor_high_sigma,551,2024-12-29T01:01:12.746Z
sensor.exit_beamsensor_high_sigma,587,2024-12-29T01:01:28.701Z
sensor.exit_beamsensor_high_sigma,555,2024-12-29T01:01:36.575Z
sensor.exit_beamsensor_high_sigma,643,2024-12-29T01:01:46.808Z
sensor.exit_beamsensor_high_sigma,470,2024-12-29T01:01:55.992Z
sensor.exit_beamsensor_high_sigma,469,2024-12-29T01:02:08.025Z
sensor.exit_beamsensor_high_sigma,511,2024-12-29T01:02:16.699Z
sensor.exit_beamsensor_high_sigma,515,2024-12-29T01:02:27.857Z
sensor.exit_beamsensor_high_sigma,516,2024-12-29T01:02:34.065Z
sensor.exit_beamsensor_high_sigma,514,2024-12-29T01:02:47.336Z
sensor.exit_beamsensor_high_sigma,536,2024-12-29T01:02:56.438Z
sensor.exit_beamsensor_high_sigma,516,2024-12-29T01:03:00.898Z
sensor.exit_beamsensor_high_sigma,490,2024-12-29T01:03:13.071Z
sensor.exit_beamsensor_high_sigma,368,2024-12-29T01:03:30.398Z
sensor.exit_beamsensor_high_sigma,356,2024-12-29T01:03:35.577Z
sensor.exit_beamsensor_high_sigma,252,2024-12-29T01:03:59.632Z
sensor.exit_beamsensor_high_sigma,304,2024-12-29T01:04:15.319Z
sensor.exit_beamsensor_high_sigma,337,2024-12-29T01:04:23.348Z
sensor.exit_beamsensor_high_sigma,404,2024-12-29T01:04:43.294Z
sensor.exit_beamsensor_high_sigma,526,2024-12-29T01:04:53.533Z
sensor.exit_beamsensor_high_sigma,523,2024-12-29T01:05:01.911Z
sensor.exit_beamsensor_high_sigma,661,2024-12-29T01:05:15.068Z
sensor.exit_beamsensor_high_sigma,704,2024-12-29T01:05:23.422Z
sensor.exit_beamsensor_high_sigma,655,2024-12-29T01:05:39.901Z
sensor.exit_beamsensor_high_sigma,594,2024-12-29T01:05:46.687Z
sensor.exit_beamsensor_high_sigma,688,2024-12-29T01:05:55.120Z
sensor.exit_beamsensor_high_sigma,741,2024-12-29T01:06:01.264Z
sensor.exit_beamsensor_high_sigma,732,2024-12-29T01:06:21.374Z
sensor.exit_beamsensor_high_sigma,747,2024-12-29T01:06:35.134Z
sensor.exit_beamsensor_high_sigma,792,2024-12-29T01:06:44.993Z
sensor.exit_beamsensor_high_sigma,784,2024-12-29T01:07:01.385Z
sensor.exit_beamsensor_high_sigma,745,2024-12-29T01:07:08.503Z
sensor.exit_beamsensor_high_sigma,801,2024-12-29T01:07:20.115Z
sensor.exit_beamsensor_high_sigma,836,2024-12-29T01:07:41.539Z
sensor.exit_beamsensor_high_sigma,1065,2024-12-29T01:07:51.551Z
sensor.exit_beamsensor_high_sigma,1045,2024-12-29T01:07:58.488Z
sensor.exit_beamsensor_high_sigma,1030,2024-12-29T01:08:16.776Z
sensor.exit_beamsensor_high_sigma,1008,2024-12-29T01:08:28.633Z
sensor.exit_beamsensor_high_sigma,970,2024-12-29T01:08:37.848Z
sensor.exit_beamsensor_high_sigma,955,2024-12-29T01:08:43.674Z
sensor.exit_beamsensor_high_sigma,960,2024-12-29T01:08:52.252Z
sensor.exit_beamsensor_high_sigma,965,2024-12-29T01:09:01.966Z
sensor.exit_beamsensor_high_sigma,832,2024-12-29T01:09:16.765Z
sensor.exit_beamsensor_high_sigma,827,2024-12-29T01:09:23.708Z
sensor.exit_beamsensor_high_sigma,442,2024-12-29T01:09:33.455Z
sensor.exit_beamsensor_high_sigma,547,2024-12-29T01:09:41.275Z
sensor.exit_beamsensor_high_sigma,942,2024-12-29T01:10:06.761Z
sensor.exit_beamsensor_high_sigma,1045,2024-12-29T01:10:21.479Z
sensor.exit_beamsensor_high_sigma,1098,2024-12-29T01:10:30.010Z
sensor.exit_beamsensor_high_sigma,1101,2024-12-29T01:10:35.382Z
sensor.exit_beamsensor_high_sigma,1109,2024-12-29T01:10:54.597Z
sensor.exit_beamsensor_high_sigma,1062,2024-12-29T01:11:04.758Z
sensor.exit_beamsensor_high_sigma,1060,2024-12-29T01:11:17.999Z
sensor.exit_beamsensor_high_sigma,1110,2024-12-29T01:11:31.409Z
sensor.exit_beamsensor_high_sigma,1036,2024-12-29T01:11:40.133Z
sensor.exit_beamsensor_high_sigma,979,2024-12-29T01:11:48.324Z
sensor.exit_beamsensor_high_sigma,809,2024-12-29T01:11:59.011Z
sensor.exit_beamsensor_high_sigma,748,2024-12-29T01:12:12.215Z
sensor.exit_beamsensor_high_sigma,678,2024-12-29T01:12:25.180Z
sensor.exit_beamsensor_high_sigma,696,2024-12-29T01:12:35.840Z
sensor.exit_beamsensor_high_sigma,640,2024-12-29T01:12:43.077Z
sensor.exit_beamsensor_high_sigma,543,2024-12-29T01:12:51.287Z
sensor.exit_beamsensor_high_sigma,547,2024-12-29T01:12:58.584Z
sensor.exit_beamsensor_high_sigma,534,2024-12-29T01:13:14.105Z
sensor.exit_beamsensor_high_sigma,436,2024-12-29T01:13:27.217Z
sensor.exit_beamsensor_high_sigma,383,2024-12-29T01:13:37.431Z
sensor.exit_beamsensor_high_sigma,430,2024-12-29T01:13:49.945Z
sensor.exit_beamsensor_high_sigma,468,2024-12-29T01:13:55.434Z
sensor.exit_beamsensor_high_sigma,485,2024-12-29T01:14:14.708Z
sensor.exit_beamsensor_high_sigma,612,2024-12-29T01:14:23.975Z
sensor.exit_beamsensor_high_sigma,640,2024-12-29T01:14:31.202Z
sensor.exit_beamsensor_high_sigma,613,2024-12-29T01:14:41.075Z
sensor.exit_beamsensor_high_sigma,628,2024-12-29T01:14:52.938Z
sensor.exit_beamsensor_high_sigma,610,2024-12-29T01:15:06.656Z
sensor.exit_beamsensor_high_sigma,648,2024-12-29T01:15:17.314Z
sensor.exit_beamsensor_high_sigma,772,2024-12-29T01:15:25.855Z
sensor.exit_beamsensor_high_sigma,779,2024-12-29T01:15:33.731Z
sensor.exit_beamsensor_high_sigma,719,2024-12-29T01:16:03.515Z
sensor.exit_beamsensor_high_sigma,709,2024-12-29T01:16:13.755Z
sensor.exit_beamsensor_high_sigma,688,2024-12-29T01:16:37.642Z
sensor.exit_beamsensor_high_sigma,1033,2024-12-29T01:16:55.015Z
sensor.exit_beamsensor_high_sigma,1028,2024-12-29T01:17:02.801Z
sensor.exit_beamsensor_high_sigma,1045,2024-12-29T01:17:23.184Z
sensor.exit_beamsensor_high_sigma,1288,2024-12-29T01:17:28.178Z
sensor.exit_beamsensor_high_sigma,1253,2024-12-29T01:17:30.955Z
sensor.exit_beamsensor_high_sigma,1203,2024-12-29T01:17:40.954Z
sensor.exit_beamsensor_high_sigma,1219,2024-12-29T01:17:54.621Z
sensor.exit_beamsensor_high_sigma,1217,2024-12-29T01:18:00.863Z
sensor.exit_beamsensor_high_sigma,1255,2024-12-29T01:18:05.548Z
sensor.exit_beamsensor_high_sigma,897,2024-12-29T01:18:10.562Z
sensor.exit_beamsensor_high_sigma,860,2024-12-29T01:18:25.996Z
sensor.exit_beamsensor_high_sigma,878,2024-12-29T01:18:44.278Z
sensor.exit_beamsensor_high_sigma,1028,2024-12-29T01:18:54.427Z
sensor.exit_beamsensor_high_sigma,761,2024-12-29T01:19:05.061Z
sensor.exit_beamsensor_high_sigma,723,2024-12-29T01:19:11.459Z
sensor.exit_beamsensor_high_sigma,722,2024-12-29T01:19:26.047Z
sensor.exit_beamsensor_high_sigma,712,2024-12-29T01:19:38.348Z
sensor.exit_beamsensor_high_sigma,837,2024-12-29T01:19:47.158Z
sensor.exit_beamsensor_high_sigma,694,2024-12-29T01:19:55.707Z
sensor.exit_beamsensor_high_sigma,600,2024-12-29T01:20:05.385Z
sensor.exit_beamsensor_high_sigma,653,2024-12-29T01:20:10.388Z
sensor.exit_beamsensor_high_sigma,669,2024-12-29T01:20:26.818Z
sensor.exit_beamsensor_high_sigma,971,2024-12-29T01:20:31.904Z
sensor.exit_beamsensor_high_sigma,970,2024-12-29T01:20:48.763Z
sensor.exit_beamsensor_high_sigma,1165,2024-12-29T01:21:47.551Z
sensor.exit_beamsensor_high_sigma,1279,2024-12-29T01:25:14.737Z
sensor.exit_beamsensor_high_sigma,1207,2024-12-29T01:26:00.757Z
sensor.exit_beamsensor_high_sigma,1202,2024-12-29T01:26:07.267Z
sensor.exit_beamsensor_high_sigma,1248,2024-12-29T01:26:36.839Z
sensor.exit_beamsensor_high_sigma,1237,2024-12-29T01:26:47.127Z
sensor.exit_beamsensor_high_sigma,1244,2024-12-29T01:26:58.038Z
sensor.exit_beamsensor_high_sigma,1223,2024-12-29T01:27:04.443Z
sensor.exit_beamsensor_high_sigma,981,2024-12-29T01:27:24.003Z
sensor.exit_beamsensor_high_sigma,953,2024-12-29T01:27:35.812Z
sensor.exit_beamsensor_high_sigma,878,2024-12-29T01:27:43.805Z
sensor.exit_beamsensor_high_sigma,741,2024-12-29T01:27:49.634Z
sensor.exit_beamsensor_high_sigma,812,2024-12-29T01:28:02.163Z
sensor.exit_beamsensor_high_sigma,837,2024-12-29T01:28:09.279Z
sensor.exit_beamsensor_high_sigma,755,2024-12-29T01:28:16.249Z
sensor.exit_beamsensor_high_sigma,811,2024-12-29T01:28:29.734Z
sensor.exit_beamsensor_high_sigma,813,2024-12-29T01:28:41.728Z
sensor.exit_beamsensor_high_sigma,824,2024-12-29T01:28:50.077Z
sensor.exit_beamsensor_high_sigma,526,2024-12-29T01:28:58.268Z
sensor.exit_beamsensor_high_sigma,362,2024-12-29T01:29:14.366Z
sensor.exit_beamsensor_high_sigma,364,2024-12-29T01:29:28.309Z
sensor.exit_beamsensor_high_sigma,361,2024-12-29T01:29:41.210Z
sensor.exit_beamsensor_high_sigma,346,2024-12-29T01:29:54.104Z
sensor.exit_beamsensor_high_sigma,449,2024-12-29T01:30:01.864Z
sensor.exit_beamsensor_high_sigma,340,2024-12-29T01:30:09.009Z
sensor.exit_beamsensor_high_sigma,318,2024-12-29T01:30:20.582Z
sensor.exit_beamsensor_high_sigma,440,2024-12-29T01:30:40.334Z
sensor.exit_beamsensor_high_sigma,572,2024-12-29T01:30:46.535Z
sensor.exit_beamsensor_high_sigma,697,2024-12-29T01:30:57.304Z
sensor.exit_beamsensor_high_sigma,780,2024-12-29T01:31:06.866Z
sensor.exit_beamsensor_high_sigma,779,2024-12-29T01:31:21.954Z
sensor.exit_beamsensor_high_sigma,770,2024-12-29T01:31:33.170Z
sensor.exit_beamsensor_high_sigma,810,2024-12-29T01:31:46.253Z
sensor.exit_beamsensor_high_sigma,629,2024-12-29T01:31:58.170Z
sensor.exit_beamsensor_high_sigma,548,2024-12-29T01:32:04.742Z
sensor.exit_beamsensor_high_sigma,517,2024-12-29T01:32:14.861Z
sensor.exit_beamsensor_high_sigma,592,2024-12-29T01:32:24.646Z
sensor.exit_beamsensor_high_sigma,589,2024-12-29T01:32:34.309Z
sensor.exit_beamsensor_high_sigma,688,2024-12-29T01:32:43.890Z
sensor.exit_beamsensor_high_sigma,704,2024-12-29T01:32:50.902Z
sensor.exit_beamsensor_high_sigma,803,2024-12-29T01:32:55.882Z
sensor.exit_beamsensor_high_sigma,810,2024-12-29T01:33:12.269Z
sensor.exit_beamsensor_high_sigma,745,2024-12-29T01:33:24.159Z
sensor.exit_beamsensor_high_sigma,714,2024-12-29T01:33:40.779Z
sensor.exit_beamsensor_high_sigma,713,2024-12-29T01:34:02.934Z
sensor.exit_beamsensor_high_sigma,535,2024-12-29T01:34:18.396Z
sensor.exit_beamsensor_high_sigma,543,2024-12-29T01:34:31.369Z
sensor.exit_beamsensor_high_sigma,514,2024-12-29T01:34:44.233Z
sensor.exit_beamsensor_high_sigma,486,2024-12-29T01:34:56.413Z
sensor.exit_beamsensor_high_sigma,475,2024-12-29T01:35:04.692Z
sensor.exit_beamsensor_high_sigma,392,2024-12-29T01:35:20.223Z
sensor.exit_beamsensor_high_sigma,351,2024-12-29T01:35:28.719Z
sensor.exit_beamsensor_high_sigma,307,2024-12-29T01:35:37.997Z
sensor.exit_beamsensor_high_sigma,575,2024-12-29T01:35:53.455Z
sensor.exit_beamsensor_high_sigma,833,2024-12-29T01:36:07.552Z
sensor.exit_beamsensor_high_sigma,900,2024-12-29T01:36:16.043Z
sensor.exit_beamsensor_high_sigma,891,2024-12-29T01:36:34.379Z
sensor.exit_beamsensor_high_sigma,824,2024-12-29T01:36:42.048Z
sensor.exit_beamsensor_high_sigma,818,2024-12-29T01:36:57.815Z
sensor.exit_beamsensor_high_sigma,700,2024-12-29T01:37:06.459Z
sensor.exit_beamsensor_high_sigma,718,2024-12-29T01:37:13.184Z
sensor.exit_beamsensor_high_sigma,694,2024-12-29T01:37:20.393Z
sensor.exit_beamsensor_high_sigma,746,2024-12-29T01:37:29.704Z
sensor.exit_beamsensor_high_sigma,700,2024-12-29T01:37:41.125Z
sensor.exit_beamsensor_high_sigma,522,2024-12-29T01:38:19.712Z
sensor.exit_beamsensor_high_sigma,1031,2024-12-29T01:38:31.069Z
sensor.exit_beamsensor_high_sigma,1033,2024-12-29T01:38:38.677Z
sensor.exit_beamsensor_high_sigma,1035,2024-12-29T01:38:45.482Z
sensor.exit_beamsensor_high_sigma,1040,2024-12-29T01:38:55.782Z
sensor.exit_beamsensor_high_sigma,1104,2024-12-29T01:39:09.620Z
sensor.exit_beamsensor_high_sigma,1145,2024-12-29T01:39:17.913Z
sensor.exit_beamsensor_high_sigma,1152,2024-12-29T01:39:34.819Z
sensor.exit_beamsensor_high_sigma,1122,2024-12-29T01:39:41.730Z
sensor.exit_beamsensor_high_sigma,1127,2024-12-29T01:39:50.537Z
sensor.exit_beamsensor_high_sigma,1139,2024-12-29T01:40:10.609Z
sensor.exit_beamsensor_high_sigma,593,2024-12-29T01:40:25.642Z
sensor.exit_beamsensor_high_sigma,507,2024-12-29T01:40:38.508Z
sensor.exit_beamsensor_high_sigma,549,2024-12-29T01:40:51.795Z
sensor.exit_beamsensor_high_sigma,594,2024-12-29T01:41:09.630Z
sensor.exit_beamsensor_high_sigma,738,2024-12-29T01:41:26.348Z
sensor.exit_beamsensor_high_sigma,743,2024-12-29T01:41:31.776Z
sensor.exit_beamsensor_high_sigma,836,2024-12-29T01:41:54.845Z
sensor.exit_beamsensor_high_sigma,890,2024-12-29T01:42:03.090Z
sensor.exit_beamsensor_high_sigma,923,2024-12-29T01:42:17.351Z
sensor.exit_beamsensor_high_sigma,927,2024-12-29T01:42:40.580Z
sensor.exit_beamsensor_high_sigma,952,2024-12-29T01:42:53.208Z
sensor.exit_beamsensor_high_sigma,948,2024-12-29T01:43:07.563Z
sensor.exit_beamsensor_high_sigma,889,2024-12-29T01:43:19.323Z
sensor.exit_beamsensor_high_sigma,868,2024-12-29T01:43:44.508Z
sensor.exit_beamsensor_high_sigma,855,2024-12-29T01:44:00.009Z
sensor.exit_beamsensor_high_sigma,770,2024-12-29T01:44:11.657Z
sensor.exit_beamsensor_high_sigma,622,2024-12-29T01:44:22.839Z
sensor.exit_beamsensor_high_sigma,672,2024-12-29T01:44:31.859Z
sensor.exit_beamsensor_high_sigma,674,2024-12-29T01:44:44.930Z
sensor.exit_beamsensor_high_sigma,684,2024-12-29T01:44:51.500Z
sensor.exit_beamsensor_high_sigma,708,2024-12-29T01:44:56.108Z
sensor.exit_beamsensor_high_sigma,706,2024-12-29T01:45:03.005Z
sensor.exit_beamsensor_high_sigma,701,2024-12-29T01:45:17.326Z
sensor.exit_beamsensor_high_sigma,389,2024-12-29T01:45:47.675Z
sensor.exit_beamsensor_high_sigma,386,2024-12-29T01:45:56.704Z
sensor.exit_beamsensor_high_sigma,391,2024-12-29T01:46:07.572Z
sensor.exit_beamsensor_high_sigma,433,2024-12-29T01:46:14.412Z
sensor.exit_beamsensor_high_sigma,446,2024-12-29T01:46:33.376Z
sensor.exit_beamsensor_high_sigma,427,2024-12-29T01:46:37.260Z
sensor.exit_beamsensor_high_sigma,457,2024-12-29T01:46:43.076Z
sensor.exit_beamsensor_high_sigma,447,2024-12-29T01:46:58.625Z
sensor.exit_beamsensor_high_sigma,438,2024-12-29T01:47:09.048Z
sensor.exit_beamsensor_high_sigma,444,2024-12-29T01:47:14.592Z
sensor.exit_beamsensor_high_sigma,327,2024-12-29T01:47:27.333Z
sensor.exit_beamsensor_high_sigma,388,2024-12-29T01:47:38.629Z
sensor.exit_beamsensor_high_sigma,377,2024-12-29T01:47:47.741Z
sensor.exit_beamsensor_high_sigma,458,2024-12-29T01:48:01.790Z
sensor.exit_beamsensor_high_sigma,435,2024-12-29T01:48:08.549Z
sensor.exit_beamsensor_high_sigma,440,2024-12-29T01:48:14.162Z
sensor.exit_beamsensor_high_sigma,403,2024-12-29T01:48:19.197Z
sensor.exit_beamsensor_high_sigma,394,2024-12-29T01:48:24.184Z
sensor.exit_beamsensor_high_sigma,403,2024-12-29T01:48:37.732Z
sensor.exit_beamsensor_high_sigma,467,2024-12-29T01:48:53.425Z
sensor.exit_beamsensor_high_sigma,756,2024-12-29T01:49:04.169Z
sensor.exit_beamsensor_high_sigma,894,2024-12-29T01:49:16.215Z
sensor.exit_beamsensor_high_sigma,884,2024-12-29T01:49:21.292Z
sensor.exit_beamsensor_high_sigma,888,2024-12-29T01:49:40.527Z
sensor.exit_beamsensor_high_sigma,890,2024-12-29T01:49:53.101Z
sensor.exit_beamsensor_high_sigma,803,2024-12-29T01:50:11.195Z
sensor.exit_beamsensor_high_sigma,751,2024-12-29T01:50:18.679Z
sensor.exit_beamsensor_high_sigma,727,2024-12-29T01:50:23.668Z
sensor.exit_beamsensor_high_sigma,581,2024-12-29T01:50:41.836Z
sensor.exit_beamsensor_high_sigma,670,2024-12-29T01:51:11.717Z
sensor.exit_beamsensor_high_sigma,666,2024-12-29T01:51:21.684Z
sensor.exit_beamsensor_high_sigma,731,2024-12-29T01:51:41.507Z
sensor.exit_beamsensor_high_sigma,732,2024-12-29T01:52:11.234Z
sensor.exit_beamsensor_high_sigma,745,2024-12-29T01:52:23.229Z
sensor.exit_beamsensor_high_sigma,809,2024-12-29T01:52:33.017Z
sensor.exit_beamsensor_high_sigma,983,2024-12-29T01:52:41.667Z
sensor.exit_beamsensor_high_sigma,970,2024-12-29T01:52:48.965Z
sensor.exit_beamsensor_high_sigma,1033,2024-12-29T01:52:56.149Z
sensor.exit_beamsensor_high_sigma,1057,2024-12-29T01:53:05.783Z
sensor.exit_beamsensor_high_sigma,846,2024-12-29T01:53:12.197Z
sensor.exit_beamsensor_high_sigma,831,2024-12-29T01:53:24.989Z
sensor.exit_beamsensor_high_sigma,830,2024-12-29T01:53:32.268Z
sensor.exit_beamsensor_high_sigma,781,2024-12-29T01:53:33.498Z
sensor.exit_beamsensor_high_sigma,803,2024-12-29T01:53:41.782Z
sensor.exit_beamsensor_high_sigma,801,2024-12-29T01:53:48.214Z
sensor.exit_beamsensor_high_sigma,897,2024-12-29T01:54:10.014Z
sensor.exit_beamsensor_high_sigma,967,2024-12-29T01:54:19.796Z
sensor.exit_beamsensor_high_sigma,1186,2024-12-29T01:54:28.282Z
sensor.exit_beamsensor_high_sigma,1267,2024-12-29T01:54:29.785Z
sensor.exit_beamsensor_high_sigma,1266,2024-12-29T01:54:36.967Z
sensor.exit_beamsensor_high_sigma,1278,2024-12-29T01:54:45.806Z
sensor.exit_beamsensor_high_sigma,1104,2024-12-29T01:54:53.673Z
sensor.exit_beamsensor_high_sigma,1114,2024-12-29T01:55:07.328Z
sensor.exit_beamsensor_high_sigma,1386,2024-12-29T01:55:29.919Z
sensor.exit_beamsensor_high_sigma,1422,2024-12-29T01:55:39.802Z
sensor.exit_beamsensor_high_sigma,1397,2024-12-29T01:55:48.823Z
sensor.exit_beamsensor_high_sigma,1453,2024-12-29T01:56:00.907Z
sensor.exit_beamsensor_high_sigma,1116,2024-12-29T01:56:08.345Z
sensor.exit_beamsensor_high_sigma,779,2024-12-29T01:56:22.031Z
sensor.exit_beamsensor_high_sigma,1039,2024-12-29T01:56:44.190Z
sensor.exit_beamsensor_high_sigma,998,2024-12-29T01:56:54.518Z
sensor.exit_beamsensor_high_sigma,1002,2024-12-29T01:57:02.679Z
sensor.exit_beamsensor_high_sigma,1194,2024-12-29T01:57:18.602Z
sensor.exit_beamsensor_high_sigma,1226,2024-12-29T01:57:27.003Z
sensor.exit_beamsensor_high_sigma,1336,2024-12-29T01:57:36.021Z
sensor.exit_beamsensor_high_sigma,1368,2024-12-29T01:57:45.312Z
sensor.exit_beamsensor_high_sigma,1424,2024-12-29T01:57:59.659Z
sensor.exit_beamsensor_high_sigma,1426,2024-12-29T01:58:07.067Z
sensor.exit_beamsensor_high_sigma,1494,2024-12-29T01:58:13.668Z
sensor.exit_beamsensor_high_sigma,1376,2024-12-29T01:58:25.563Z
sensor.exit_beamsensor_high_sigma,1353,2024-12-29T01:58:44.678Z
sensor.exit_beamsensor_high_sigma,1247,2024-12-29T01:58:50.610Z
sensor.exit_beamsensor_high_sigma,323,2024-12-29T01:59:03.649Z
sensor.exit_beamsensor_high_sigma,311,2024-12-29T01:59:09.718Z
sensor.exit_beamsensor_high_sigma,383,2024-12-29T01:59:24.058Z
sensor.exit_beamsensor_high_sigma,419,2024-12-29T01:59:33.011Z
sensor.exit_beamsensor_high_sigma,903,2024-12-29T02:00:15.985Z
sensor.exit_beamsensor_high_sigma,1413,2024-12-29T02:00:27.140Z
sensor.exit_beamsensor_high_sigma,1406,2024-12-29T02:00:37.713Z
sensor.exit_beamsensor_high_sigma,1399,2024-12-29T02:01:17.773Z
sensor.exit_beamsensor_high_sigma,1392,2024-12-29T02:01:23.606Z
sensor.exit_beamsensor_high_sigma,1414,2024-12-29T02:01:35.992Z
sensor.exit_beamsensor_high_sigma,1377,2024-12-29T02:02:00.448Z
sensor.exit_beamsensor_high_sigma,1414,2024-12-29T02:02:14.576Z
sensor.exit_beamsensor_high_sigma,1359,2024-12-29T02:02:39.756Z
sensor.exit_beamsensor_high_sigma,1244,2024-12-29T02:02:48.310Z
sensor.exit_beamsensor_high_sigma,739,2024-12-29T02:02:56.308Z
sensor.exit_beamsensor_high_sigma,672,2024-12-29T02:03:11.139Z
sensor.exit_beamsensor_high_sigma,608,2024-12-29T02:03:22.199Z
sensor.exit_beamsensor_high_sigma,695,2024-12-29T02:03:34.328Z
sensor.exit_beamsensor_high_sigma,787,2024-12-29T02:03:44.642Z
sensor.exit_beamsensor_high_sigma,730,2024-12-29T02:03:51.895Z
sensor.exit_beamsensor_high_sigma,729,2024-12-29T02:04:04.424Z
sensor.exit_beamsensor_high_sigma,784,2024-12-29T02:04:16.421Z
sensor.exit_beamsensor_high_sigma,821,2024-12-29T02:04:34.023Z
sensor.exit_beamsensor_high_sigma,825,2024-12-29T02:04:49.333Z
sensor.exit_beamsensor_high_sigma,814,2024-12-29T02:04:56.007Z
sensor.exit_beamsensor_high_sigma,798,2024-12-29T02:05:15.037Z
sensor.exit_beamsensor_high_sigma,802,2024-12-29T02:05:20.290Z
sensor.exit_beamsensor_high_sigma,800,2024-12-29T02:05:36.731Z
sensor.exit_beamsensor_high_sigma,797,2024-12-29T02:05:49.526Z
sensor.exit_beamsensor_high_sigma,781,2024-12-29T02:06:03.760Z
sensor.exit_beamsensor_high_sigma,782,2024-12-29T02:06:13.193Z
sensor.exit_beamsensor_high_sigma,747,2024-12-29T02:06:24.815Z
sensor.exit_beamsensor_high_sigma,504,2024-12-29T02:06:38.295Z
sensor.exit_beamsensor_high_sigma,390,2024-12-29T02:06:44.147Z
sensor.exit_beamsensor_high_sigma,354,2024-12-29T02:06:55.979Z
sensor.exit_beamsensor_high_sigma,228,2024-12-29T02:07:04.344Z
sensor.exit_beamsensor_high_sigma,178,2024-12-29T02:07:09.884Z
sensor.exit_beamsensor_high_sigma,188,2024-12-29T02:07:20.040Z
sensor.exit_beamsensor_high_sigma,449,2024-12-29T02:07:37.098Z
sensor.exit_beamsensor_high_sigma,838,2024-12-29T02:07:54.781Z
sensor.exit_beamsensor_high_sigma,897,2024-12-29T02:08:01.044Z
sensor.exit_beamsensor_high_sigma,851,2024-12-29T02:08:06.859Z
sensor.exit_beamsensor_high_sigma,862,2024-12-29T02:08:21.580Z
sensor.exit_beamsensor_high_sigma,842,2024-12-29T02:08:28.552Z
sensor.exit_beamsensor_high_sigma,818,2024-12-29T02:08:41.784Z
sensor.exit_beamsensor_high_sigma,768,2024-12-29T02:08:56.360Z
sensor.exit_beamsensor_high_sigma,734,2024-12-29T02:09:07.615Z
sensor.exit_beamsensor_high_sigma,655,2024-12-29T02:09:25.716Z
sensor.exit_beamsensor_high_sigma,681,2024-12-29T02:09:45.937Z
sensor.exit_beamsensor_high_sigma,517,2024-12-29T02:09:52.115Z
sensor.exit_beamsensor_high_sigma,528,2024-12-29T02:09:57.915Z
sensor.exit_beamsensor_high_sigma,513,2024-12-29T02:10:03.502Z
sensor.exit_beamsensor_high_sigma,517,2024-12-29T02:10:09.793Z
sensor.exit_beamsensor_high_sigma,524,2024-12-29T02:10:26.686Z
sensor.exit_beamsensor_high_sigma,516,2024-12-29T02:10:42.689Z
sensor.exit_beamsensor_high_sigma,519,2024-12-29T02:10:58.102Z
sensor.exit_beamsensor_high_sigma,522,2024-12-29T02:11:06.621Z
sensor.exit_beamsensor_high_sigma,503,2024-12-29T02:11:11.955Z
sensor.exit_beamsensor_high_sigma,320,2024-12-29T02:11:24.659Z
sensor.exit_beamsensor_high_sigma,389,2024-12-29T02:11:39.344Z
sensor.exit_beamsensor_high_sigma,445,2024-12-29T02:11:51.641Z
sensor.exit_beamsensor_high_sigma,471,2024-12-29T02:12:15.292Z
sensor.exit_beamsensor_high_sigma,452,2024-12-29T02:12:22.148Z
sensor.exit_beamsensor_high_sigma,439,2024-12-29T02:12:27.300Z
sensor.exit_beamsensor_high_sigma,469,2024-12-29T02:12:38.997Z
sensor.exit_beamsensor_high_sigma,433,2024-12-29T02:12:55.068Z
sensor.exit_beamsensor_high_sigma,436,2024-12-29T02:13:35.653Z
sensor.exit_beamsensor_high_sigma,415,2024-12-29T02:13:41.515Z
sensor.exit_beamsensor_high_sigma,423,2024-12-29T02:13:52.498Z
sensor.exit_beamsensor_high_sigma,413,2024-12-29T02:14:02.585Z
sensor.exit_beamsensor_high_sigma,879,2024-12-29T02:14:26.110Z
sensor.exit_beamsensor_high_sigma,871,2024-12-29T02:14:35.929Z
sensor.exit_beamsensor_high_sigma,841,2024-12-29T02:14:42.883Z
sensor.exit_beamsensor_high_sigma,867,2024-12-29T02:14:52.120Z
sensor.exit_beamsensor_high_sigma,853,2024-12-29T02:15:01.677Z
sensor.exit_beamsensor_high_sigma,860,2024-12-29T02:15:08.788Z
sensor.exit_beamsensor_high_sigma,941,2024-12-29T02:15:13.690Z
sensor.exit_beamsensor_high_sigma,992,2024-12-29T02:15:21.432Z
sensor.exit_beamsensor_high_sigma,989,2024-12-29T02:15:28.714Z
sensor.exit_beamsensor_high_sigma,527,2024-12-29T02:15:53.746Z
sensor.exit_beamsensor_high_sigma,655,2024-12-29T02:16:01.701Z
sensor.exit_beamsensor_high_sigma,857,2024-12-29T02:16:11.084Z
sensor.exit_beamsensor_high_sigma,855,2024-12-29T02:16:21.633Z
sensor.exit_beamsensor_high_sigma,857,2024-12-29T02:16:34.603Z
sensor.exit_beamsensor_high_sigma,998,2024-12-29T02:17:36.631Z
sensor.exit_beamsensor_high_sigma,990,2024-12-29T02:17:44.888Z
sensor.exit_beamsensor_high_sigma,1394,2024-12-29T02:17:56.883Z
sensor.exit_beamsensor_high_sigma,1375,2024-12-29T02:18:04.380Z
sensor.exit_beamsensor_high_sigma,1359,2024-12-29T02:18:18.864Z
sensor.exit_beamsensor_high_sigma,1102,2024-12-29T02:18:34.843Z
sensor.exit_beamsensor_high_sigma,1098,2024-12-29T02:18:47.546Z
sensor.exit_beamsensor_high_sigma,1163,2024-12-29T02:18:50.019Z
sensor.exit_beamsensor_high_sigma,1188,2024-12-29T02:19:00.673Z
sensor.exit_beamsensor_high_sigma,1141,2024-12-29T02:19:09.985Z
sensor.exit_beamsensor_high_sigma,1273,2024-12-29T02:19:19.537Z
sensor.exit_beamsensor_high_sigma,1284,2024-12-29T02:19:32.042Z
sensor.exit_beamsensor_high_sigma,863,2024-12-29T02:19:43.918Z
sensor.exit_beamsensor_high_sigma,874,2024-12-29T02:20:04.146Z
sensor.exit_beamsensor_high_sigma,916,2024-12-29T02:20:13.312Z
sensor.exit_beamsensor_high_sigma,925,2024-12-29T02:20:18.257Z
sensor.exit_beamsensor_high_sigma,983,2024-12-29T02:20:28.152Z
sensor.exit_beamsensor_high_sigma,707,2024-12-29T02:20:46.972Z
sensor.exit_beamsensor_high_sigma,728,2024-12-29T02:20:59.323Z
sensor.exit_beamsensor_high_sigma,670,2024-12-29T02:21:05.036Z
sensor.exit_beamsensor_high_sigma,679,2024-12-29T02:21:13.033Z
sensor.exit_beamsensor_high_sigma,676,2024-12-29T02:21:23.379Z
sensor.exit_beamsensor_high_sigma,782,2024-12-29T02:21:49.059Z
sensor.exit_beamsensor_high_sigma,760,2024-12-29T02:22:01.760Z
sensor.exit_beamsensor_high_sigma,783,2024-12-29T02:22:12.633Z
sensor.exit_beamsensor_high_sigma,762,2024-12-29T02:22:28.338Z
sensor.exit_beamsensor_high_sigma,673,2024-12-29T02:23:17.497Z
sensor.exit_beamsensor_high_sigma,678,2024-12-29T02:23:32.644Z
sensor.exit_beamsensor_high_sigma,1139,2024-12-29T02:23:36.616Z
sensor.exit_beamsensor_high_sigma,1419,2024-12-29T02:23:40.093Z
sensor.exit_beamsensor_high_sigma,1487,2024-12-29T02:23:47.473Z
sensor.exit_beamsensor_high_sigma,1499,2024-12-29T02:23:55.893Z
sensor.exit_beamsensor_high_sigma,1398,2024-12-29T02:24:02.334Z
sensor.exit_beamsensor_high_sigma,1495,2024-12-29T02:24:08.123Z
sensor.exit_beamsensor_high_sigma,1259,2024-12-29T02:24:15.463Z
sensor.exit_beamsensor_high_sigma,1238,2024-12-29T02:24:22.367Z
sensor.exit_beamsensor_high_sigma,897,2024-12-29T02:24:35.160Z
sensor.exit_beamsensor_high_sigma,738,2024-12-29T02:24:46.388Z
sensor.exit_beamsensor_high_sigma,713,2024-12-29T02:25:04.935Z
sensor.exit_beamsensor_high_sigma,581,2024-12-29T02:25:15.404Z
sensor.exit_beamsensor_high_sigma,580,2024-12-29T02:25:23.898Z
sensor.exit_beamsensor_high_sigma,583,2024-12-29T02:25:29.458Z
sensor.exit_beamsensor_high_sigma,585,2024-12-29T02:25:46.417Z
sensor.exit_beamsensor_high_sigma,282,2024-12-29T02:25:58.784Z
sensor.exit_beamsensor_high_sigma,285,2024-12-29T02:26:13.551Z
sensor.exit_beamsensor_high_sigma,306,2024-12-29T02:26:22.837Z
sensor.exit_beamsensor_high_sigma,297,2024-12-29T02:26:37.755Z
sensor.exit_beamsensor_high_sigma,208,2024-12-29T02:26:45.438Z
sensor.exit_beamsensor_high_sigma,224,2024-12-29T02:26:53.149Z
sensor.exit_beamsensor_high_sigma,339,2024-12-29T02:27:10.201Z
sensor.exit_beamsensor_high_sigma,352,2024-12-29T02:27:26.451Z
sensor.exit_beamsensor_high_sigma,819,2024-12-29T02:27:42.468Z
sensor.exit_beamsensor_high_sigma,825,2024-12-29T02:27:52.713Z
sensor.exit_beamsensor_high_sigma,814,2024-12-29T02:28:04.714Z
sensor.exit_beamsensor_high_sigma,826,2024-12-29T02:28:18.203Z
sensor.exit_beamsensor_high_sigma,822,2024-12-29T02:28:25.959Z
sensor.exit_beamsensor_high_sigma,802,2024-12-29T02:28:41.251Z
sensor.exit_beamsensor_high_sigma,871,2024-12-29T02:28:59.381Z
sensor.exit_beamsensor_high_sigma,827,2024-12-29T02:29:11.278Z
sensor.exit_beamsensor_high_sigma,830,2024-12-29T02:29:23.464Z
sensor.exit_beamsensor_high_sigma,824,2024-12-29T02:30:01.535Z
sensor.exit_beamsensor_high_sigma,1690,2024-12-29T02:30:21.333Z
sensor.exit_beamsensor_high_sigma,1713,2024-12-29T02:30:27.859Z
sensor.exit_beamsensor_high_sigma,1712,2024-12-29T02:30:39.156Z
sensor.exit_beamsensor_high_sigma,1720,2024-12-29T02:30:45.219Z
sensor.exit_beamsensor_high_sigma,1738,2024-12-29T02:31:07.037Z
sensor.exit_beamsensor_high_sigma,1731,2024-12-29T02:31:24.112Z
sensor.exit_beamsensor_high_sigma,1673,2024-12-29T02:31:36.258Z
sensor.exit_beamsensor_high_sigma,1675,2024-12-29T02:31:57.547Z
sensor.exit_beamsensor_high_sigma,1674,2024-12-29T02:32:07.313Z
sensor.exit_beamsensor_high_sigma,1673,2024-12-29T02:32:20.277Z
sensor.exit_beamsensor_high_sigma,320,2024-12-29T02:32:34.456Z
sensor.exit_beamsensor_high_sigma,416,2024-12-29T02:32:49.681Z
sensor.exit_beamsensor_high_sigma,536,2024-12-29T02:32:55.251Z
sensor.exit_beamsensor_high_sigma,535,2024-12-29T02:33:10.601Z
sensor.exit_beamsensor_high_sigma,827,2024-12-29T02:34:35.641Z
sensor.exit_beamsensor_high_sigma,821,2024-12-29T02:34:45.696Z
sensor.exit_beamsensor_high_sigma,897,2024-12-29T02:34:58.650Z
sensor.exit_beamsensor_high_sigma,894,2024-12-29T02:35:05.113Z
sensor.exit_beamsensor_high_sigma,917,2024-12-29T02:35:11.521Z
sensor.exit_beamsensor_high_sigma,933,2024-12-29T02:35:25.613Z
sensor.exit_beamsensor_high_sigma,932,2024-12-29T02:35:47.906Z
sensor.exit_beamsensor_high_sigma,869,2024-12-29T02:35:59.044Z
sensor.exit_beamsensor_high_sigma,961,2024-12-29T02:36:11.966Z
sensor.exit_beamsensor_high_sigma,973,2024-12-29T02:36:36.298Z
sensor.exit_beamsensor_high_sigma,750,2024-12-29T02:36:56.058Z
sensor.exit_beamsensor_high_sigma,816,2024-12-29T02:37:11.878Z
sensor.exit_beamsensor_high_sigma,722,2024-12-29T02:37:23.694Z
sensor.exit_beamsensor_high_sigma,783,2024-12-29T02:37:39.317Z
sensor.exit_beamsensor_high_sigma,769,2024-12-29T02:37:55.837Z
sensor.exit_beamsensor_high_sigma,973,2024-12-29T02:38:06.692Z
sensor.exit_beamsensor_high_sigma,979,2024-12-29T02:38:11.181Z
sensor.exit_beamsensor_high_sigma,987,2024-12-29T02:38:21.440Z
sensor.exit_beamsensor_high_sigma,895,2024-12-29T02:38:33.664Z
sensor.exit_beamsensor_high_sigma,881,2024-12-29T02:38:55.576Z
sensor.exit_beamsensor_high_sigma,848,2024-12-29T02:39:15.495Z
sensor.exit_beamsensor_high_sigma,812,2024-12-29T02:39:25.613Z
sensor.exit_beamsensor_high_sigma,857,2024-12-29T02:39:33.146Z
sensor.exit_beamsensor_high_sigma,786,2024-12-29T02:39:37.745Z
sensor.exit_beamsensor_high_sigma,853,2024-12-29T02:39:51.369Z
sensor.exit_beamsensor_high_sigma,636,2024-12-29T02:40:03.728Z
sensor.exit_beamsensor_high_sigma,659,2024-12-29T02:40:23.608Z
sensor.exit_beamsensor_high_sigma,643,2024-12-29T02:40:38.794Z
sensor.exit_beamsensor_high_sigma,583,2024-12-29T02:40:48.649Z
sensor.exit_beamsensor_high_sigma,561,2024-12-29T02:40:55.962Z
sensor.exit_beamsensor_high_sigma,559,2024-12-29T02:41:10.416Z
sensor.exit_beamsensor_high_sigma,782,2024-12-29T02:41:31.113Z
sensor.exit_beamsensor_high_sigma,736,2024-12-29T02:41:45.082Z
sensor.exit_beamsensor_high_sigma,750,2024-12-29T02:41:56.266Z
sensor.exit_beamsensor_high_sigma,724,2024-12-29T02:42:10.974Z
sensor.exit_beamsensor_high_sigma,1012,2024-12-29T02:42:23.394Z
sensor.exit_beamsensor_high_sigma,1017,2024-12-29T02:42:29.972Z
sensor.exit_beamsensor_high_sigma,1048,2024-12-29T02:42:37.231Z
sensor.exit_beamsensor_high_sigma,1043,2024-12-29T02:42:59.063Z
sensor.exit_beamsensor_high_sigma,1040,2024-12-29T02:43:13.168Z
sensor.exit_beamsensor_high_sigma,1966,2024-12-29T02:43:26.250Z
sensor.exit_beamsensor_high_sigma,2043,2024-12-29T02:43:30.773Z
sensor.exit_beamsensor_high_sigma,2052,2024-12-29T02:43:49.496Z
sensor.exit_beamsensor_high_sigma,2061,2024-12-29T02:43:57.234Z
sensor.exit_beamsensor_high_sigma,2131,2024-12-29T02:44:07.929Z
sensor.exit_beamsensor_high_sigma,2094,2024-12-29T02:44:18.472Z
sensor.exit_beamsensor_high_sigma,2119,2024-12-29T02:44:29.425Z
sensor.exit_beamsensor_high_sigma,2093,2024-12-29T02:44:37.858Z
sensor.exit_beamsensor_high_sigma,2090,2024-12-29T02:44:58.505Z
sensor.exit_beamsensor_high_sigma,2096,2024-12-29T02:45:13.609Z
sensor.exit_beamsensor_high_sigma,864,2024-12-29T02:45:18.076Z
sensor.exit_beamsensor_high_sigma,896,2024-12-29T02:45:32.706Z
sensor.exit_beamsensor_high_sigma,637,2024-12-29T02:45:43.889Z
sensor.exit_beamsensor_high_sigma,686,2024-12-29T02:45:55.630Z
sensor.exit_beamsensor_high_sigma,702,2024-12-29T02:46:01.551Z
sensor.exit_beamsensor_high_sigma,700,2024-12-29T02:46:22.244Z
sensor.exit_beamsensor_high_sigma,716,2024-12-29T02:46:28.503Z
sensor.exit_beamsensor_high_sigma,700,2024-12-29T02:46:36.786Z
sensor.exit_beamsensor_high_sigma,618,2024-12-29T02:46:50.038Z
sensor.exit_beamsensor_high_sigma,823,2024-12-29T02:47:19.443Z
sensor.exit_beamsensor_high_sigma,788,2024-12-29T02:47:25.283Z
sensor.exit_beamsensor_high_sigma,709,2024-12-29T02:47:31.973Z
sensor.exit_beamsensor_high_sigma,826,2024-12-29T02:47:47.832Z
sensor.exit_beamsensor_high_sigma,721,2024-12-29T02:47:52.595Z
sensor.exit_beamsensor_high_sigma,655,2024-12-29T02:48:02.970Z
sensor.exit_beamsensor_high_sigma,649,2024-12-29T02:48:08.086Z
sensor.exit_beamsensor_high_sigma,605,2024-12-29T02:48:12.338Z
sensor.exit_beamsensor_high_sigma,603,2024-12-29T02:48:32.093Z
sensor.exit_beamsensor_high_sigma,829,2024-12-29T02:48:45.629Z
sensor.exit_beamsensor_high_sigma,783,2024-12-29T02:49:02.799Z
sensor.exit_beamsensor_high_sigma,767,2024-12-29T02:49:14.026Z
sensor.exit_beamsensor_high_sigma,728,2024-12-29T02:49:21.739Z
sensor.exit_beamsensor_high_sigma,692,2024-12-29T02:49:44.738Z
sensor.exit_beamsensor_high_sigma,679,2024-12-29T02:49:57.028Z
sensor.exit_beamsensor_high_sigma,692,2024-12-29T02:50:07.183Z
sensor.exit_beamsensor_high_sigma,721,2024-12-29T02:50:12.183Z
sensor.exit_beamsensor_high_sigma,705,2024-12-29T02:50:22.382Z
sensor.exit_beamsensor_high_sigma,830,2024-12-29T02:50:42.386Z
sensor.exit_beamsensor_high_sigma,804,2024-12-29T02:50:48.166Z
sensor.exit_beamsensor_high_sigma,738,2024-12-29T02:50:50.973Z
sensor.exit_beamsensor_high_sigma,769,2024-12-29T02:50:59.630Z
sensor.exit_beamsensor_high_sigma,767,2024-12-29T02:51:08.405Z
sensor.exit_beamsensor_high_sigma,770,2024-12-29T02:51:24.268Z
sensor.exit_beamsensor_high_sigma,818,2024-12-29T02:51:41.469Z
sensor.exit_beamsensor_high_sigma,881,2024-12-29T02:51:42.949Z
sensor.exit_beamsensor_high_sigma,1001,2024-12-29T02:51:50.503Z
sensor.exit_beamsensor_high_sigma,1014,2024-12-29T02:52:07.754Z
sensor.exit_beamsensor_high_sigma,1035,2024-12-29T02:52:15.498Z
sensor.exit_beamsensor_high_sigma,995,2024-12-29T02:52:21.915Z
sensor.exit_beamsensor_high_sigma,980,2024-12-29T02:52:34.466Z
sensor.exit_beamsensor_high_sigma,961,2024-12-29T02:52:45.857Z
sensor.exit_beamsensor_high_sigma,988,2024-12-29T02:52:54.456Z
sensor.exit_beamsensor_high_sigma,973,2024-12-29T02:53:08.631Z
sensor.exit_beamsensor_high_sigma,763,2024-12-29T02:53:50.218Z
sensor.exit_beamsensor_high_sigma,595,2024-12-29T02:54:50.316Z
sensor.exit_beamsensor_high_sigma,867,2024-12-29T02:54:57.958Z
sensor.exit_beamsensor_high_sigma,951,2024-12-29T02:55:10.175Z
sensor.exit_beamsensor_high_sigma,936,2024-12-29T02:55:15.981Z
sensor.exit_beamsensor_high_sigma,856,2024-12-29T02:58:22.548Z
sensor.exit_beamsensor_high_sigma,870,2024-12-29T02:58:30.589Z
